-- MySQL dump 10.13  Distrib 8.0.46, for Win64 (x86_64)
--
-- Host: localhost    Database: smart_pc_builder
-- ------------------------------------------------------
-- Server version	8.0.46

/*!40101 SET @OLD_CHARACTER_SET_CLIENT=@@CHARACTER_SET_CLIENT */;
/*!40101 SET @OLD_CHARACTER_SET_RESULTS=@@CHARACTER_SET_RESULTS */;
/*!40101 SET @OLD_COLLATION_CONNECTION=@@COLLATION_CONNECTION */;
/*!50503 SET NAMES utf8mb4 */;
/*!40103 SET @OLD_TIME_ZONE=@@TIME_ZONE */;
/*!40103 SET TIME_ZONE='+00:00' */;
/*!40014 SET @OLD_UNIQUE_CHECKS=@@UNIQUE_CHECKS, UNIQUE_CHECKS=0 */;
/*!40014 SET @OLD_FOREIGN_KEY_CHECKS=@@FOREIGN_KEY_CHECKS, FOREIGN_KEY_CHECKS=0 */;
/*!40101 SET @OLD_SQL_MODE=@@SQL_MODE, SQL_MODE='NO_AUTO_VALUE_ON_ZERO' */;
/*!40111 SET @OLD_SQL_NOTES=@@SQL_NOTES, SQL_NOTES=0 */;

--
-- Table structure for table `articles`
--

DROP TABLE IF EXISTS `articles`;
/*!40101 SET @saved_cs_client     = @@character_set_client */;
/*!50503 SET character_set_client = utf8mb4 */;
CREATE TABLE `articles` (
  `id` int NOT NULL AUTO_INCREMENT,
  `title` varchar(255) COLLATE utf8mb4_unicode_ci NOT NULL,
  `content` text COLLATE utf8mb4_unicode_ci NOT NULL,
  `image_url` text COLLATE utf8mb4_unicode_ci,
  `created_at` timestamp NULL DEFAULT CURRENT_TIMESTAMP,
  PRIMARY KEY (`id`)
) ENGINE=InnoDB AUTO_INCREMENT=12 DEFAULT CHARSET=utf8mb4 COLLATE=utf8mb4_unicode_ci;
/*!40101 SET character_set_client = @saved_cs_client */;

--
-- Dumping data for table `articles`
--

LOCK TABLES `articles` WRITE;
/*!40000 ALTER TABLE `articles` DISABLE KEYS */;
INSERT INTO `articles` VALUES (1,'เธเธญเธเธญเธกเธเธดเธงเน€เธ•เธญเธฃเน 144Hz vs 240Hz: เธเธฃเธฐเธชเธเธเธฒเธฃเธ“เนเธ•เนเธฒเธเธเธฑเธเธเธฃเธดเธเธซเธฃเธทเธญเนเธเนเธ•เธฑเธงเน€เธฅเธเธ—เธฒเธเธเธฒเธฃเธ•เธฅเธฒเธ”?','เนเธเนเธฅเธเธเธญเธเน€เธเธกเธกเธดเนเธเนเธฅเธฐเธเธฒเธเธ—เธตเนเธ•เนเธญเธเธเธฒเธฃเธเธงเธฒเธกเธฅเธทเนเธเนเธซเธฅเธเธญเธเธ เธฒเธ เธเธญเธ เธฒเธเธ—เธตเนเธกเธตเธญเธฑเธ•เธฃเธฒเธฃเธตเน€เธเธฃเธเธชเธนเธ (High Refresh Rate) เนเธ”เนเธเธฅเธฒเธขเน€เธเนเธเธกเธฒเธ•เธฃเธเธฒเธเนเธซเธกเนเธ—เธตเนเน€เธฃเธฒเธเธธเนเธเน€เธเธขเธเธฑเธเธ”เธต เนเธ”เธขเน€เธเธเธฒเธฐเธเธญ 144Hz เธ—เธตเนเธกเธญเธเธเธฃเธฐเธชเธเธเธฒเธฃเธ“เนเธ—เธตเนเน€เธซเธเธทเธญเธเธงเนเธฒเธเธญ 60Hz เธญเธขเนเธฒเธเน€เธซเนเธเนเธ”เนเธเธฑเธ”<br><br>เนเธ•เนเน€เธกเธทเนเธญเธเนเธฒเธงเน€เธเนเธฒเธชเธนเนเธชเธเธฒเธกเนเธเนเธเธเธฑเธเธ—เธตเนเธ”เธธเน€เธ”เธทเธญเธ”เธเธถเนเธ เธ•เธฑเธงเน€เธฅเธ 240Hz เธเนเน€เธฃเธดเนเธกเน€เธเนเธฒเธกเธฒเธกเธตเธเธ—เธเธฒเธ— เธ—เธณเนเธซเนเน€เธเธดเธ”เธเธณเธ–เธฒเธกเธงเนเธฒ เธเธฒเธฃเธญเธฑเธเน€เธเธฃเธ”เธเธฒเธ 144Hz เนเธ 240Hz เธเธฑเนเธเธเธธเนเธกเธเนเธฒเธเธฃเธดเธเธซเธฃเธทเธญเน€เธเนเธเน€เธเธตเธขเธเธ•เธฑเธงเน€เธฅเธเธ—เธตเนเธเธฑเธเธเธฒเธฃเธ•เธฅเธฒเธ”เนเธเนเน€เธเธทเนเธญเธ”เธถเธเธ”เธนเธ”เนเธ? <br><br>เธเธงเธฒเธกเนเธ•เธเธ•เนเธฒเธเธฃเธฐเธซเธงเนเธฒเธ 144Hz เนเธฅเธฐ 240Hz เธเธฑเนเธ <strong>เธกเธตเธญเธขเธนเนเธเธฃเธดเธ</strong> เนเธ•เนเธชเธณเธซเธฃเธฑเธเธเธนเนเนเธเนเธเธฒเธเธ—เธฑเนเธงเนเธเธซเธฃเธทเธญเนเธกเนเนเธ•เนเธเธฑเธเน€เธฅเนเธเน€เธเธกเธชเนเธงเธเนเธซเธเน เธเธงเธฒเธกเนเธ•เธเธ•เนเธฒเธเธญเธฒเธเธเธฐเนเธกเนเนเธ”เนเธเธฑเธ”เน€เธเธเธเธเธ–เธถเธเธเธฑเนเธเธเธฅเธดเธเนเธฅเธเน€เธ—เนเธฒเธเธฑเธเธเธฒเธฃเน€เธเธฅเธตเนเธขเธเธเธฒเธ 60Hz เนเธ 144Hz เธเธญ 240Hz เธเธฐเธกเธญเธเธเธงเธฒเธกเธฅเธทเนเธเนเธซเธฅเธ—เธตเนเน€เธซเธเธทเธญเธเธงเนเธฒเนเธเธ—เธธเธเน€เธเธฃเธก เธ—เธณเนเธซเนเธ เธฒเธเธ”เธนเธเธกเธเธฑเธ”เนเธฅเธฐเธ•เธญเธเธชเธเธญเธเนเธ”เนเธ—เธฑเธเธ—เนเธงเธเธ—เธตเธกเธฒเธเธเธถเนเธ เธเธถเนเธเน€เธเนเธเธเธฃเธฐเนเธขเธเธเนเธญเธขเนเธฒเธเธกเธฒเธเนเธเน€เธเธกเนเธเนเธเธเธฑเธเธ—เธตเนเธ•เนเธญเธเธญเธฒเธจเธฑเธขเธเธเธดเธเธดเธฃเธดเธขเธฒเธ•เธญเธเธชเธเธญเธเธ—เธตเนเธฃเธงเธ”เน€เธฃเนเธง เน€เธเนเธ เน€เธเธกเนเธเธง FPS เธซเธฃเธทเธญ eSports เธฃเธฐเธ”เธฑเธเธกเธทเธญเธญเธฒเธเธตเธเธ—เธตเนเธ—เธธเธเธกเธดเธฅเธฅเธดเธงเธดเธเธฒเธ—เธตเธกเธตเธเธงเธฒเธกเธซเธกเธฒเธข เธญเธขเนเธฒเธเนเธฃเธเนเธ•เธฒเธก เธเธฒเธฃเธเธฐเธเธฑเธเน€เธเธฅเธทเนเธญเธเธเธญ 240Hz เนเธซเนเน€เธ•เนเธกเธเธฃเธฐเธชเธดเธ—เธเธดเธ เธฒเธ เธเธธเธ“เธเธณเน€เธเนเธเธ•เนเธญเธเธกเธต <strong>เธเธฒเธฃเนเธ”เธเธญเธ—เธตเนเธ—เธฃเธเธเธฅเธฑเธเธกเธฒเธเธเธญ</strong> เน€เธเธทเนเธญเนเธซเนเนเธ”เนเน€เธเธฃเธกเน€เธฃเธ•เธชเธนเธเธ–เธถเธ 240 FPS เธญเธขเนเธฒเธเธชเธกเนเธณเน€เธชเธกเธญเนเธเน€เธเธกเธ—เธตเนเธเธธเธ“เน€เธฅเนเธ เธเธญเธเธเธฒเธเธเธตเน เธ”เธงเธเธ•เธฒเธเธญเธเธกเธเธธเธฉเธขเนเธกเธตเธเธงเธฒเธกเธชเธฒเธกเธฒเธฃเธ–เนเธเธเธฒเธฃเธฃเธฑเธเธฃเธนเนเธ—เธตเนเนเธ•เธเธ•เนเธฒเธเธเธฑเธ เธเธฒเธเธเธเธญเธฒเธเธชเธฑเธกเธเธฑเธชเธ–เธถเธเธเธงเธฒเธกเนเธ•เธเธ•เนเธฒเธเนเธ”เนเนเธเธ—เธฑเธเธ—เธต เนเธเธเธ“เธฐเธ—เธตเนเธเธฒเธเธเธเธญเธฒเธเธ•เนเธญเธเนเธเนเน€เธงเธฅเธฒเธเธฃเธฑเธเธ•เธฑเธงเธซเธฃเธทเธญเธญเธฒเธเนเธกเนเธฃเธนเนเธชเธถเธเธ–เธถเธเธเธงเธฒเธกเธ•เนเธฒเธเธ—เธตเนเธเธฑเธ”เน€เธเธเธเธฑเธ<br><br>เธชเธฃเธธเธเธเธทเธญ เธซเธฒเธเธเธธเธ“เน€เธเนเธเธเธฑเธเน€เธฅเนเธเน€เธเธกเธกเธทเธญเธญเธฒเธเธตเธ เธซเธฃเธทเธญเธ•เนเธญเธเธเธฒเธฃเธเธงเธฒเธกเนเธ”เนเน€เธเธฃเธตเธขเธเธชเธนเธเธชเธธเธ”เนเธเธ—เธธเธเธชเธ–เธฒเธเธเธฒเธฃเธ“เน เนเธฅเธฐเธกเธตเธเธเธเธฃเธฐเธกเธฒเธ“เธชเธณเธซเธฃเธฑเธเธเธฒเธฃเนเธ”เธเธญเนเธฅเธฐเธเธญเธ เธฒเธเธฃเธฐเธ”เธฑเธเธชเธนเธ เธเธญ 240Hz เธเธทเธญเธเธณเธ•เธญเธเธ—เธตเนเนเธกเนเธ—เธณเนเธซเนเธเธดเธ”เธซเธงเธฑเธ เนเธ•เนเธชเธณเธซเธฃเธฑเธเธเธนเนเนเธเนเธเธฒเธเธ—เธฑเนเธงเนเธเธซเธฃเธทเธญเธเธฑเธเน€เธฅเนเธเน€เธเธกเธ—เธตเนเนเธกเนเนเธ”เนเธเธฃเธดเธเธเธฑเธเธเธฑเธเธเธฒเธฃเนเธเนเธเธเธฑเธเธกเธฒเธเธเธฑเธ เธเธญ 144Hz เธเนเธขเธฑเธเธเธเน€เธเนเธเธ•เธฑเธงเน€เธฅเธทเธญเธเธ—เธตเนเธขเธญเธ”เน€เธขเธตเนเธขเธกเธ—เธตเนเธกเธญเธเธเธงเธฒเธกเธฅเธทเนเธเนเธซเธฅเนเธ”เนเธญเธขเนเธฒเธเธเนเธฒเธเธฃเธฐเธ—เธฑเธเนเธเนเธฅเธฐเธเธธเนเธกเธเนเธฒเธเธงเนเธฒเนเธเนเธเนเธเธญเธเธฃเธฒเธเธฒ','https://image.pollinations.ai/prompt/%E0%B8%88%E0%B8%AD%E0%B8%84%E0%B8%AD%E0%B8%A1%E0%B8%9E%E0%B8%B4%E0%B8%A7%E0%B9%80%E0%B8%95%E0%B8%AD%E0%B8%A3%E0%B9%8C%20144Hz%20vs%20240Hz%20%E0%B8%95%E0%B9%88%E0%B8%B2%E0%B8%87%E0%B8%81%E0%B8%B1%E0%B8%99%E0%B8%88%E0%B8%A3%E0%B8%B4%E0%B8%87%E0%B8%AB%E0%B8%A3%E0%B8%B7%E0%B8%AD%E0%B9%81%E0%B8%84%E0%B9%88%E0%B8%95%E0%B8%B1%E0%B8%A7%E0%B9%80%E0%B8%A5%E0%B8%82%3F%20high%20quality%20technology%20hardware%20photography?width=800&height=400&nologo=true','2026-06-27 17:00:00'),(2,'CPU Intel vs AMD เธญเธฑเธเน€เธ”เธ• 2026: เธจเธถเธเธเธดเธเธเธฑเธฅเธฅเธฑเธเธเนเธเธฃเธฐเธชเธดเธ—เธเธดเธ เธฒเธ เนเธเธฃเธเธทเธญเนเธเธกเธเนเธชเธณเธซเธฃเธฑเธเธเธธเธ“?','เนเธเธเธต 2026 เธชเธกเธฃเธ เธนเธกเธด <strong>CPU</strong> เธฃเธฐเธซเธงเนเธฒเธ <strong>Intel</strong> เนเธฅเธฐ <strong>AMD</strong> เธขเธฑเธเธเธเธ”เธธเน€เธ”เธทเธญเธ”เนเธฅเธฐเน€เธเนเธกเธเนเธเธเธงเนเธฒเธ—เธตเนเน€เธเธข เธ—เธฑเนเธเธชเธญเธเธขเธฑเธเธฉเนเนเธซเธเนเนเธ”เนเธเนเธฒเธงเธเนเธฒเธกเธเธตเธ”เธเธณเธเธฑเธ”เน€เธ”เธดเธกเน เธ”เนเธงเธขเธชเธ–เธฒเธเธฑเธ•เธขเธเธฃเธฃเธกเนเธซเธกเนเธฅเนเธฒเธชเธธเธ”เธ—เธตเนเธเธชเธฒเธเธเธฅเธฑเธเธเธญเธ AI Accelerator เน€เธเนเธฒเธกเธฒเน€เธเนเธเธชเนเธงเธเธซเธเธถเนเธเธเธญเธเธเธดเธฅเธดเธเธญเธเธญเธขเนเธฒเธเน€เธ•เนเธกเธ•เธฑเธง เนเธกเนเธงเนเธฒเธเธฐเน€เธเนเธเธ”เนเธฒเธเธเธฃเธฐเธชเธดเธ—เธเธดเธ เธฒเธเธ•เนเธญเธงเธฑเธ•เธ•เน เธเธฒเธฃเธเธฃเธฐเธกเธงเธฅเธเธฅ Multi-core เธซเธฃเธทเธญเธเธงเธฒเธกเธชเธฒเธกเธฒเธฃเธ–เธ”เนเธฒเธเธเธฃเธฒเธเธดเธเนเธเธ•เธฑเธง (iGPU) เธ—เธธเธเธงเธฑเธเธเธตเนเธเธนเนเธเธฃเธดเนเธ เธเธ•เนเธฒเธเนเธ”เนเธฃเธฑเธเธเธฃเธฐเนเธขเธเธเนเธเธฒเธเธเธงเธฑเธ•เธเธฃเธฃเธกเธ—เธตเนเนเธกเนเธซเธขเธธเธ”เธขเธฑเนเธเธเธตเน เธเธฒเธฃเน€เธฅเธทเธญเธเนเธเน <strong>CPU</strong> เธเธถเธเนเธกเนเนเธ”เนเน€เธเนเธเน€เธเธตเธขเธเนเธเนเธเธฒเธฃเน€เธเธฃเธตเธขเธเน€เธ—เธตเธขเธเธ•เธฑเธงเน€เธฅเธ เนเธ•เนเน€เธเนเธเธเธฒเธฃเธเธดเธเธฒเธฃเธ“เธฒเธ–เธถเธเธเธงเธฒเธกเธ•เนเธญเธเธเธฒเธฃเนเธฅเธฐเธฃเธนเธเนเธเธเธเธฒเธฃเนเธเนเธเธฒเธเธ—เธตเนเน€เธเธเธฒเธฐเน€เธเธฒเธฐเธเธเธเธญเธเธเธธเธ“ <br><br> เธชเธณเธซเธฃเธฑเธ <strong>Intel</strong> เนเธเธเธต 2026 เธญเธฒเธเธเธฐเนเธ”เธ”เน€เธ”เนเธเนเธเธ”เนเธฒเธ <strong>เธเธฃเธฐเธชเธดเธ—เธเธดเธ เธฒเธเธ•เนเธญเธเธญเธฃเน (Single-Core Performance)</strong> เธ—เธตเนเธขเธฑเธเธเธเน€เธเนเธเธซเธฑเธงเนเธเธซเธฅเธฑเธเนเธเธเธฒเธฃเน€เธฅเนเธเน€เธเธกเธ—เธตเนเธ•เนเธญเธเธเธฒเธฃเน€เธเธฃเธกเน€เธฃเธ•เธชเธนเธ เธฃเธงเธกเธ–เธถเธเธเธงเธฒเธกเน€เธชเธ–เธตเธขเธฃเนเธฅเธฐเธเธงเธฒเธกเน€เธเนเธฒเธเธฑเธเนเธ”เนเธเธฑเธเธเธญเธเธ•เนเนเธงเธฃเนเนเธฅเธฐเนเธเธฅเธ•เธเธญเธฃเนเธกเธ•เนเธฒเธเน เธ—เธตเนเธกเธตเธกเธฒเธญเธขเนเธฒเธเธขเธฒเธงเธเธฒเธ เธชเธ–เธฒเธเธฑเธ•เธขเธเธฃเธฃเธกเธ—เธตเนเธเธฑเธ’เธเธฒเธ•เนเธญเธขเธญเธ”เธเธฐเน€เธเนเธเธเธฒเธฃเธ—เธณเธเธฒเธเธฃเนเธงเธกเธเธฑเธ <strong>AI</strong> เนเธเธฃเธฐเธ”เธฑเธเน€เธเธฃเธทเนเธญเธเธฅเธนเธเธเนเธฒเธข (On-device AI) เนเธ”เนเธญเธขเนเธฒเธเธกเธตเธเธฃเธฐเธชเธดเธ—เธเธดเธ เธฒเธ เน€เธซเธกเธฒเธฐเธชเธณเธซเธฃเธฑเธเธเธฑเธเน€เธฅเนเธเน€เธเธกเธกเธทเธญเธญเธฒเธเธตเธ เธเธนเนเนเธเนเธเธฒเธเธ—เธตเนเธ•เนเธญเธเธเธฒเธฃเธเธงเธฒเธกเน€เธฃเนเธงเนเธเธเธฒเธฃเธเธฃเธฐเธกเธงเธฅเธเธฅเธเธฒเธเน€เธเธเธฒเธฐเธ”เนเธฒเธ เนเธฅเธฐเธเธนเนเธ—เธตเนเนเธซเนเธเธงเธฒเธกเธชเธณเธเธฑเธเธเธฑเธ ecosystem เธ—เธตเนเนเธเนเธเนเธเธฃเนเธเนเธฅเธฐเน€เธเธทเนเธญเธ–เธทเธญเนเธ”เน <br><br> เนเธเธเธ“เธฐเน€เธ”เธตเธขเธงเธเธฑเธ <strong>AMD</strong> เธ”เนเธงเธขเธชเธ–เธฒเธเธฑเธ•เธขเธเธฃเธฃเธก <strong>Zen</strong> เธฃเธธเนเธเนเธซเธกเนเน เธ—เธตเนเธเธฒเธ”เธงเนเธฒเธเธฐเธขเธฑเธเธเธเน€เธเนเธเธเธนเนเธเธณเนเธเธ”เนเธฒเธ <strong>เธเธฃเธฐเธชเธดเธ—เธเธดเธ เธฒเธ Multi-Core</strong> เนเธฅเธฐ <strong>เธเธฃเธฐเธชเธดเธ—เธเธดเธ เธฒเธเธ•เนเธญเธงเธฑเธ•เธ•เน (Performance per Watt)</strong> เธ—เธตเนเธขเธญเธ”เน€เธขเธตเนเธขเธก เธ—เธณเนเธซเนเน€เธเนเธเธ•เธฑเธงเน€เธฅเธทเธญเธเธ—เธตเนเธเนเธฒเธชเธเนเธเธชเธณเธซเธฃเธฑเธ Content Creator, เธเธฑเธเธ•เธฑเธ”เธ•เนเธญเธงเธดเธ”เธตเนเธญ, เธซเธฃเธทเธญเธเธฑเธเธเธฑเธ’เธเธฒเธเธญเธเธ•เนเนเธงเธฃเนเธ—เธตเนเธ•เนเธญเธเนเธเนเธเธฅเธฑเธเธเธฒเธฃเธเธฃเธฐเธกเธงเธฅเธเธฅเธซเธฅเธฒเธขเธเธญเธฃเนเธญเธขเนเธฒเธเธซเธเธฑเธเธซเธเนเธงเธ เธเธญเธเธเธฒเธเธเธตเน <strong>iGPU</strong> เธเธญเธ <strong>AMD</strong> เธขเธฑเธเธเธเธฃเธฑเธเธฉเธฒเธเธงเธฒเธกเนเธ”เนเน€เธเธฃเธตเธขเธเนเธเธเธฒเธฃเธกเธญเธเธเธฃเธฐเธชเธเธเธฒเธฃเธ“เนเธเธฒเธฃเน€เธฅเนเธเน€เธเธกเธ—เธตเนเนเธกเนเธ•เนเธญเธเธเธถเนเธเธเธฒเธฃเนเธ”เธเธญเนเธขเธเนเธเธฃเธฐเธ”เธฑเธเน€เธฃเธดเนเธกเธ•เนเธเธ–เธถเธเธเธฒเธเธเธฅเธฒเธเนเธ”เนเธญเธขเนเธฒเธเธเนเธฒเธเธฃเธฐเธ—เธฑเธเนเธ เน€เธซเธกเธฒเธฐเธชเธณเธซเธฃเธฑเธเธเธนเนเธ—เธตเนเธ•เนเธญเธเธเธฒเธฃเธชเธฃเนเธฒเธเธชเธฃเธฃเธเนเธเธฅเธเธฒเธ, เธ—เธณเธเธฒเธเธ—เธตเนเธ•เนเธญเธเนเธเนเธเธฅเธฑเธเธเธฃเธฐเธกเธงเธฅเธเธฅเธชเธนเธ, เธซเธฃเธทเธญเธเธนเนเธ—เธตเนเธกเธญเธเธซเธฒเธเธงเธฒเธกเธเธธเนเธกเธเนเธฒเนเธฅเธฐเธเธงเธฒเธกเธขเธทเธ”เธซเธขเธธเนเธเนเธเธเธฒเธฃเนเธเนเธเธฒเธ เนเธ”เธขเธฃเธงเธกเนเธฅเนเธง เนเธกเนเธกเธต <strong>CPU</strong> เธเนเธฒเธขเนเธซเธเธ—เธตเนเธ”เธตเธ—เธตเนเธชเธธเธ”เธชเธณเธซเธฃเธฑเธเธ—เธธเธเธเธ เนเธ•เนเธกเธต <strong>CPU</strong> เธ—เธตเนเน€เธซเธกเธฒเธฐเธชเธกเธ—เธตเนเธชเธธเธ”เธชเธณเธซเธฃเธฑเธเธเธธเธ“ เธเธถเนเธเธญเธขเธนเนเธเธฑเธเธงเนเธฒเธเธธเธ“เนเธซเนเธเธงเธฒเธกเธชเธณเธเธฑเธเธเธฑเธเธญเธฐเนเธฃเธกเธฒเธเธ—เธตเนเธชเธธเธ”','https://image.pollinations.ai/prompt/CPU%20Intel%20vs%20AMD%20%E0%B8%AD%E0%B8%B1%E0%B8%9B%E0%B9%80%E0%B8%94%E0%B8%95%E0%B8%A5%E0%B9%88%E0%B8%B2%E0%B8%AA%E0%B8%B8%E0%B8%94%E0%B8%9B%E0%B8%B5%202026%20%E0%B8%84%E0%B9%88%E0%B8%B2%E0%B8%A2%E0%B9%84%E0%B8%AB%E0%B8%99%E0%B8%95%E0%B8%AD%E0%B8%9A%E0%B9%82%E0%B8%88%E0%B8%97%E0%B8%A2%E0%B9%8C%E0%B9%83%E0%B8%84%E0%B8%A3%3F%20high%20quality%20technology%20hardware%20photography?width=800&height=400&nologo=true','2026-06-27 17:00:00'),(3,'เธเธฒเธฃเนเธ”เธเธญเธกเธทเธญเธชเธญเธ: เธเธธเนเธกเธเนเธฒเธเธฃเธดเธเธซเธฃเธทเธญเนเธเนเน€เธชเธตเนเธขเธ? เธเธนเนเธกเธทเธญเน€เธเนเธเธชเธ เธฒเธเธเนเธญเธเธ•เธฑเธ”เธชเธดเธเนเธเธเธทเนเธญ','เนเธเธขเธธเธเธ—เธตเนเธฃเธฒเธเธฒเธเธฒเธฃเนเธ”เธเธญเนเธซเธกเนเธเธธเนเธเธชเธนเธเธเธถเนเธเธญเธขเนเธฒเธเธ•เนเธญเน€เธเธทเนเธญเธ เธเธฒเธฃเนเธ”เธเธญเธกเธทเธญเธชเธญเธเธเธฅเธฒเธขเน€เธเนเธเธ—เธฒเธเน€เธฅเธทเธญเธเธ—เธตเนเธเนเธฒเธชเธเนเธเธชเธณเธซเธฃเธฑเธเนเธเธฃเธซเธฅเธฒเธขเธเธ เนเธ”เธขเน€เธเธเธฒเธฐเธเธนเนเธ—เธตเนเธ•เนเธญเธเธเธฒเธฃเธญเธฑเธเน€เธเธฃเธ”เธเธฃเธฐเธชเธดเธ—เธเธดเธ เธฒเธเธเธญเธกเธเธดเธงเน€เธ•เธญเธฃเนเธ”เนเธงเธขเธเธเธเธฃเธฐเธกเธฒเธ“เธ—เธตเนเธเธณเธเธฑเธ” เธเธฒเธฃเนเธ”เธเธญเธกเธทเธญเธชเธญเธเธชเธฒเธกเธฒเธฃเธ–เธกเธญเธเธเธฃเธฐเธชเธดเธ—เธเธดเธ เธฒเธเธ—เธตเนเธขเธญเธ”เน€เธขเธตเนเธขเธกเนเธเธฃเธฒเธเธฒเธ—เธตเนเน€เธเนเธฒเธ–เธถเธเนเธ”เนเธเนเธฒเธขเธเธงเนเธฒเธกเธฒเธ เธ—เธงเนเธฒเน€เธซเธฃเธตเธขเธเธขเนเธญเธกเธกเธตเธชเธญเธเธ”เนเธฒเธ เธเธฒเธฃเธเธทเนเธญเธเธฒเธฃเนเธ”เธเธญเธกเธทเธญเธชเธญเธเธเนเธกเธฒเธเธฃเนเธญเธกเธเธฑเธเธเธงเธฒเธกเน€เธชเธตเนเธขเธเธ—เธตเนเนเธกเนเธเธงเธฃเธกเธญเธเธเนเธฒเธก เธซเธฒเธเนเธกเนเธ•เธฃเธงเธเธชเธญเธเนเธซเนเธ”เธต เธญเธฒเธเนเธ”เนเธเธฒเธฃเนเธ”เธ—เธตเนเธชเธ เธฒเธเนเธกเนเธชเธกเธเธนเธฃเธ“เน เธกเธตเธเธฑเธเธซเธฒเนเธเธ เธซเธฃเธทเธญเธกเธตเธญเธฒเธขเธธเธเธฒเธฃเนเธเนเธเธฒเธเธ—เธตเนเธชเธฑเนเธเธฅเธ เธเธฒเธฃเธ•เธฑเธ”เธชเธดเธเนเธเธเธทเนเธญเธเธถเธเนเธกเนเนเธเนเนเธเนเน€เธฃเธทเนเธญเธเธเธญเธเธฃเธฒเธเธฒ เนเธ•เนเธ•เนเธญเธเธเธดเธเธฒเธฃเธ“เธฒเธญเธขเนเธฒเธเธฃเธญเธเธเธญเธเน€เธเธทเนเธญเนเธซเนเนเธ”เนเธเธญเธเธ—เธตเนเธเธธเนเธกเธเนเธฒเนเธฅเธฐเนเธเนเธเธฒเธเนเธ”เนเธขเธฒเธงเธเธฒเธ<br><br>เธเนเธญเธเธเธฐเธเธงเธฑเธเธเธฃเธฐเน€เธเนเธฒเธเนเธฒเธขเน€เธเธดเธ เธชเธดเนเธเธชเธณเธเธฑเธเธ—เธตเนเธชเธธเธ”เธเธทเธญเธเธฒเธฃ <strong>เธ•เธฃเธงเธเธชเธญเธเธชเธ เธฒเธเธเธฒเธฃเนเธ”เธเธญเธญเธขเนเธฒเธเธฅเธฐเน€เธญเธตเธขเธ”</strong> เน€เธฃเธดเนเธกเธเธฒเธเธ เธฒเธขเธเธญเธ เธเธงเธฃเธชเธฑเธเน€เธเธ•เธงเนเธฒเธกเธตเธฃเธญเธขเธเธธเธ เนเธ•เธ เธซเธฑเธ เธซเธฃเธทเธญเธชเธเธดเธกเธซเธฃเธทเธญเนเธกเน เนเธ”เธขเน€เธเธเธฒเธฐเธเธฃเธดเน€เธงเธ“เธเธญเธฃเนเธ•เน€เธเธทเนเธญเธกเธ•เนเธญ PCIe เนเธฅเธฐ Display Output เธฃเธงเธกเธ–เธถเธเธเธฃเธตเธเธฃเธฐเธเธฒเธขเธเธงเธฒเธกเธฃเนเธญเธ เธ–เธฑเธ”เธกเธฒเธเธทเธญเธเธฒเธฃเธ•เธฃเธงเธเธชเธญเธเธเธฑเธ”เธฅเธกเธฃเธฐเธเธฒเธขเธเธงเธฒเธกเธฃเนเธญเธเธงเนเธฒเธซเธกเธธเธเนเธ”เนเธเธเธ•เธด เนเธกเนเธกเธตเน€เธชเธตเธขเธเธ”เธฑเธเธเธดเธ”เธเธเธ•เธด เนเธฅเธฐเนเธกเนเธกเธตเธเธธเนเธเธเธฑเธเธซเธเธฒเนเธเนเธเธเธเน€เธเธดเธเนเธ เธซเธฑเธงเนเธเธชเธณเธเธฑเธเธเธทเธญเธเธฒเธฃ <strong>เธ—เธ”เธชเธญเธเธเธฃเธฐเธชเธดเธ—เธเธดเธ เธฒเธ</strong> เธซเธฒเธเน€เธเนเธเนเธเนเธ”เน เธเธงเธฃเธ–เธฒเธกเธเธนเนเธเธฒเธขเน€เธเธทเนเธญเธเธญเธ—เธ”เธชเธญเธเธเธฒเธฃเนเธ”เธเธญเนเธ”เธขเธ•เธฃเธเธเธเน€เธเธฃเธทเนเธญเธเธเธญเธกเธเธดเธงเน€เธ•เธญเธฃเนเธเธญเธเธเธธเธ“เธซเธฃเธทเธญเน€เธเธฃเธทเนเธญเธเธเธญเธเธเธนเนเธเธฒเธข เธ”เนเธงเธขเนเธเธฃเนเธเธฃเธก benchmark เธขเธญเธ”เธเธดเธขเธก เน€เธเนเธ FurMark เธซเธฃเธทเธญ 3DMark เน€เธเธทเนเธญเธ”เธนเธญเธธเธ“เธซเธ เธนเธกเธด, เธญเธฑเธ•เธฃเธฒเน€เธเธฃเธกเน€เธฃเธ• เนเธฅเธฐเน€เธชเธ–เธตเธขเธฃเธ เธฒเธเธเธ“เธฐเธ—เธณเธเธฒเธเธซเธเธฑเธเน€เธเนเธเน€เธงเธฅเธฒเธเธฒเธ<br><br>เธเธญเธเธเธฒเธเธเธตเน เธเธฒเธฃ <strong>เธ•เธฃเธงเธเธชเธญเธเธเธฃเธฐเธงเธฑเธ•เธดเธเธฒเธฃเนเธเนเธเธฒเธเนเธฅเธฐเธเธฒเธฃเธฃเธฑเธเธเธฃเธฐเธเธฑเธ</strong> เธเนเน€เธเนเธเธชเธดเนเธเธ—เธตเนเนเธกเนเธเธงเธฃเธกเธญเธเธเนเธฒเธก เธชเธญเธเธ–เธฒเธกเนเธซเนเนเธเนเนเธเธงเนเธฒเธเธฒเธฃเนเธ”เธเธญเน€เธเธขเธเนเธฒเธเธเธฒเธฃเนเธเนเธเธฒเธเธซเธเธฑเธ เน€เธเนเธ เธเธฒเธฃเธเธธเธ”เน€เธซเธกเธทเธญเธ (cryptocurrency mining) เธกเธฒเธซเธฃเธทเธญเนเธกเน เน€เธเธฃเธฒเธฐเธเธฒเธฃเนเธ”เธ—เธตเนเธเนเธฒเธเธเธฒเธเธซเธเธฑเธเน€เธเนเธเธเธฑเนเธเธกเธฑเธเธกเธตเธญเธฒเธขเธธเธเธฒเธฃเนเธเนเธเธฒเธเธ—เธตเนเธฅเธ”เธฅเธ เนเธฅเธฐเธชเธธเธ”เธ—เนเธฒเธข เธซเธฒเธเธเธนเนเธเธฒเธขเธกเธตเธเธฒเธฃเธฃเธฑเธเธเธฃเธฐเธเธฑเธเนเธซเน เธเนเธเธฐเธเนเธงเธขเน€เธเธดเนเธกเธเธงเธฒเธกเธกเธฑเนเธเนเธเนเธเธเธฒเธฃเธเธทเนเธญเนเธ”เนเธกเธฒเธ เธเธฒเธฃเธฅเธเธ—เธธเธเน€เธงเธฅเธฒเนเธเธเธฒเธฃเธ•เธฃเธงเธเธชเธญเธเน€เธฅเนเธเธเนเธญเธข เธเธฐเธเนเธงเธขเนเธซเนเธเธธเธ“เธเธฃเธฐเธซเธขเธฑเธ”เน€เธเธดเธเนเธเธฃเธฐเธขเธฐเธขเธฒเธงเนเธฅเธฐเนเธ”เนเธเธฒเธฃเนเธ”เธเธญเธ—เธตเนเธ•เธญเธเนเธเธ—เธขเนเธเธฒเธฃเนเธเนเธเธฒเธเนเธ”เนเธญเธขเนเธฒเธเนเธฃเนเธเธฑเธเธงเธฅ','https://image.pollinations.ai/prompt/%E0%B8%81%E0%B8%B2%E0%B8%A3%E0%B9%8C%E0%B8%94%E0%B8%88%E0%B8%AD%E0%B8%A1%E0%B8%B7%E0%B8%AD%E0%B8%AA%E0%B8%AD%E0%B8%87%20%E0%B8%99%E0%B9%88%E0%B8%B2%E0%B8%8B%E0%B8%B7%E0%B9%89%E0%B8%AD%E0%B9%84%E0%B8%AB%E0%B8%A1%3F%20%E0%B8%A7%E0%B8%B4%E0%B8%98%E0%B8%B5%E0%B9%80%E0%B8%8A%E0%B9%87%E0%B8%84%E0%B8%AA%E0%B8%A0%E0%B8%B2%E0%B8%9E%E0%B8%81%E0%B9%88%E0%B8%AD%E0%B8%99%E0%B8%95%E0%B8%B1%E0%B8%94%E0%B8%AA%E0%B8%B4%E0%B8%99%E0%B9%83%E0%B8%88%20high%20quality%20technology%20hardware%20photography?width=800&height=400&nologo=true','2026-06-27 17:00:00'),(4,'PSU เธซเธฑเธงเนเธเธเธญเธกเธเธดเธงเน€เธ•เธญเธฃเน: เน€เธฅเธทเธญเธเธญเธขเนเธฒเธเนเธฃเนเธซเนเธเธณเธฅเธฑเธเนเธเธเธญเธ”เธต เธเธฅเธญเธ”เธ เธฑเธขเนเธฃเนเธเธฑเธเธงเธฅ','เธเธฒเธฃเน€เธฅเธทเธญเธ Power Supply Unit (PSU) เธ—เธตเนเน€เธซเธกเธฒเธฐเธชเธกเธเธฑเธเธชเน€เธเธเธเธญเธกเธเธดเธงเน€เธ•เธญเธฃเนเธเธญเธเธเธธเธ“เธเธฑเนเธเน€เธเนเธเธชเธดเนเธเธชเธณเธเธฑเธเธ—เธตเนเนเธกเนเธเธงเธฃเธกเธญเธเธเนเธฒเธก เน€เธเธฃเธฒเธฐ PSU เนเธกเนเนเธ”เนเน€เธเนเธเน€เธเธตเธขเธเนเธเนเธเธฅเนเธญเธเธเนเธฒเธขเนเธ เนเธ•เนเน€เธเนเธเธซเธฑเธงเนเธเธซเธฅเธฑเธเธ—เธตเนเธชเนเธเธเธฅเธฑเธเธเธฒเธเธซเธฅเนเธญเน€เธฅเธตเนเธขเธเธ—เธธเธเธเธดเนเธเธชเนเธงเธเนเธเน€เธเธฃเธทเนเธญเธ เนเธกเนเธงเนเธฒเธเธฐเน€เธเนเธ CPU, GPU, RAM เธซเธฃเธทเธญเนเธกเนเนเธ•เนเธฎเธฒเธฃเนเธ”เธ”เธดเธชเธเน เธเธฒเธฃเน€เธฅเธทเธญเธ PSU เธ—เธตเนเธกเธตเธเธธเธ“เธ เธฒเธเนเธฅเธฐเธเธณเธฅเธฑเธเนเธเธ—เธตเนเน€เธเธตเธขเธเธเธญเธเธฐเธเนเธงเธขเนเธซเนเธฃเธฐเธเธเธ—เธณเธเธฒเธเนเธ”เนเธญเธขเนเธฒเธเน€เธชเธ–เธตเธขเธฃ เธเธฅเธญเธ”เธ เธฑเธข เนเธฅเธฐเธขเธทเธ”เธญเธฒเธขเธธเธเธฒเธฃเนเธเนเธเธฒเธเธเธญเธเธญเธธเธเธเธฃเธ“เนเธญเธทเนเธเน เนเธเธฃเธฐเธขเธฐเธขเธฒเธง เธเธฒเธฃเธเธฃเธฐเธซเธขเธฑเธ”เธเธเธเธฃเธฐเธกเธฒเธ“เธเธฑเธ PSU เธญเธฒเธเธเธณเธกเธฒเธเธถเนเธเธเธฑเธเธซเธฒเธ—เธตเนเนเธกเนเธเธฒเธ”เธเธฑเธ เน€เธเนเธ เธเธญเธกเธเนเธฒเธ เธ”เธฑเธเน€เธญเธ เธซเธฃเธทเธญเธฃเนเธฒเธขเนเธฃเธเธ—เธตเนเธชเธธเธ”เธเธทเธญเธเธงเธฒเธกเน€เธชเธตเธขเธซเธฒเธขเธ–เธฒเธงเธฃเธ•เนเธญเธเธดเนเธเธชเนเธงเธเธฃเธฒเธเธฒเนเธเธเธญเธทเนเธเน<br><br>เธชเธดเนเธเนเธฃเธเธ—เธตเนเธ•เนเธญเธเธเธดเธเธฒเธฃเธ“เธฒเธเธทเธญ <strong>เธเธณเธฅเธฑเธเนเธ (Wattage)</strong> เธ—เธตเนเธเธญเธกเธเธดเธงเน€เธ•เธญเธฃเนเธเธญเธเธเธธเธ“เธ•เนเธญเธเธเธฒเธฃ เธเธธเธ“เธชเธฒเธกเธฒเธฃเธ–เธเธณเธเธงเธ“เธเธณเธฅเธฑเธเนเธเนเธ”เธขเธฃเธงเธกเธเธฒเธเธชเน€เธเธเธเธญเธ CPU เนเธฅเธฐ GPU เน€เธเนเธเธซเธฅเธฑเธ เธเธถเนเธเน€เธเนเธเธเธดเนเธเธชเนเธงเธเธ—เธตเนเธเธดเธเนเธเธกเธฒเธเธ—เธตเนเธชเธธเธ” เธเธงเธฃเน€เธเธทเนเธญเธเธณเธฅเธฑเธเนเธเน€เธเธดเนเธกเธญเธตเธ 20-30% เน€เธเธทเนเธญเธฃเธญเธเธฃเธฑเธเธเธฒเธฃเธญเธฑเธเน€เธเธฃเธ”เนเธเธญเธเธฒเธเธ•เนเธฅเธฐเน€เธเธทเนเธญเธเธฃเธฐเธชเธดเธ—เธเธดเธ เธฒเธเธชเธนเธเธชเธธเธ” เธ–เธฑเธ”เธกเธฒเธเธทเธญ <strong>เธกเธฒเธ•เธฃเธเธฒเธ 80 PLUS Certification</strong> เธเธถเนเธเธเนเธเธเธญเธเธ–เธถเธเธเธฃเธฐเธชเธดเธ—เธเธดเธ เธฒเธเนเธเธเธฒเธฃเนเธเธฅเธเธเธฅเธฑเธเธเธฒเธ เธขเธดเนเธเธฃเธฐเธ”เธฑเธเธชเธนเธเน€เธ—เนเธฒเนเธฃ (Bronze, Silver, Gold, Platinum, Titanium) PSU เธเนเธเธฐเธขเธดเนเธเธเนเธฒเธขเนเธเนเธ”เนเน€เธชเธ–เธตเธขเธฃเธเธถเนเธ เธเธฃเธฐเธซเธขเธฑเธ”เธเธฅเธฑเธเธเธฒเธเธเธถเนเธ เนเธฅเธฐเธชเธฃเนเธฒเธเธเธงเธฒเธกเธฃเนเธญเธเธเนเธญเธขเธฅเธ เธเธญเธเธเธฒเธเธเธตเนเธเธงเธฃเธเธดเธเธฒเธฃเธ“เธฒเน€เธฃเธทเนเธญเธ <strong>เธฃเธนเธเนเธเธเธชเธฒเธข (Modular, Semi-Modular, Non-Modular)</strong> เน€เธเธทเนเธญเธเธงเธฒเธกเธชเธฐเธ”เธงเธเนเธเธเธฒเธฃเธเธฑเธ”เธชเธฒเธขเนเธฅเธฐเธเนเธงเธขเนเธซเนเน€เธเธชเธ เธฒเธขเนเธเธ”เธนเธชเธฐเธญเธฒเธ”เธ•เธฒ<br><br>เน€เธฃเธทเนเธญเธเธเธงเธฒเธกเธเธฅเธญเธ”เธ เธฑเธขเน€เธเนเธเธญเธตเธเธซเธเธถเนเธเธซเธฑเธงเนเธเธชเธณเธเธฑเธ เธเธงเธฃเน€เธฅเธทเธญเธ PSU เธเธฒเธ <strong>เนเธเธฃเธเธ”เนเธ—เธตเนเธกเธตเธเธทเนเธญเน€เธชเธตเธขเธเนเธฅเธฐเธกเธตเธฃเธตเธงเธดเธงเธ—เธตเนเธ”เธต</strong> เน€เธเนเธ Seasonic, Corsair, EVGA, Cooler Master เธซเธฃเธทเธญ Antec เน€เธเธทเนเธญเธเธเธฒเธเนเธเธฃเธเธ”เนเน€เธซเธฅเนเธฒเธเธตเนเธกเธฑเธเธเธฐเธกเธตเธฃเธฐเธเธเธเนเธญเธเธเธฑเธเธเธงเธฒเธกเธเธฅเธญเธ”เธ เธฑเธขเธ—เธตเนเธเธฃเธเธเธฃเธฑเธ (เน€เธเนเธ OVP, UVP, OPP, SCP, OTP) เธเธถเนเธเธเธฐเธเนเธงเธขเธเธเธเนเธญเธเธญเธธเธเธเธฃเธ“เนเธเธญเธเธเธธเธ“เธเธฒเธเธเธงเธฒเธกเธเธดเธ”เธเธเธ•เธดเธ—เธฒเธเนเธเธเนเธฒเธ•เนเธฒเธเน เธญเธขเนเธฒเธซเธฅเธเน€เธเธทเนเธญ PSU เธฃเธฒเธเธฒเธ–เธนเธเธ—เธตเนเนเธกเนเธกเธตเธเนเธญเธกเธนเธฅเธเธงเธฒเธกเธเธฅเธญเธ”เธ เธฑเธขเธซเธฃเธทเธญเธกเธฒเธ•เธฃเธเธฒเธเธฃเธฑเธเธฃเธญเธเธ—เธตเนเธเธฑเธ”เน€เธเธ เธเธฒเธฃเธฅเธเธ—เธธเธเธเธฑเธ PSU เธ—เธตเนเธ”เธตเธ–เธทเธญเน€เธเนเธเธเธฒเธฃเธฅเธเธ—เธธเธเน€เธเธทเนเธญเธเธงเธฒเธกเธกเธฑเนเธเธเธเนเธฅเธฐเธขเธฑเนเธเธขเธทเธเธเธญเธเธฃเธฐเธเธเธเธญเธกเธเธดเธงเน€เธ•เธญเธฃเนเธ—เธฑเนเธเธซเธกเธ”เธเธญเธเธเธธเธ“','https://image.pollinations.ai/prompt/%E0%B8%A7%E0%B8%B4%E0%B8%98%E0%B8%B5%E0%B8%81%E0%B8%B2%E0%B8%A3%E0%B9%80%E0%B8%A5%E0%B8%B7%E0%B8%AD%E0%B8%81%20Power%20Supply%20(PSU)%20%E0%B9%83%E0%B8%AB%E0%B9%89%E0%B8%9E%E0%B8%AD%E0%B8%94%E0%B8%B5%E0%B8%81%E0%B8%B1%E0%B8%9A%E0%B8%AA%E0%B9%80%E0%B8%9B%E0%B8%84%E0%B8%84%E0%B8%AD%E0%B8%A1%20%E0%B9%81%E0%B8%A5%E0%B8%B0%E0%B8%9B%E0%B8%A5%E0%B8%AD%E0%B8%94%E0%B8%A0%E0%B8%B1%E0%B8%A2%20high%20quality%20technology%20hardware%20photography?width=800&height=400&nologo=true','2026-06-27 17:00:00'),(5,'เธ–เธญเธ”เธฃเธซเธฑเธชเธฃเธฒเธเธฒ: เธ—เธณเนเธกเธเธญเธกเนเธเธฃเธเธ”เนเน€เธเธกเธ–เธถเธเนเธเธเธเธงเนเธฒเธเธฃเธฐเธเธญเธเน€เธญเธ? เธเนเธญเธ”เธตเธเนเธญเน€เธชเธตเธขเธ—เธตเนเธเธธเธ“เธ•เนเธญเธเธฃเธนเนเธเนเธญเธเธ•เธฑเธ”เธชเธดเธเนเธเธเธทเนเธญ!','เนเธเนเธฅเธเธเธญเธเธเธญเธกเธเธดเธงเน€เธ•เธญเธฃเน เธเธฒเธฃเธ•เธฑเธ”เธชเธดเธเนเธเน€เธฅเธทเธญเธเธฃเธฐเธซเธงเนเธฒเธเธเธญเธกเธเธดเธงเน€เธ•เธญเธฃเนเนเธเธฃเธเธ”เนเน€เธเธกเธชเธณเน€เธฃเนเธเธฃเธนเธ เธเธฑเธเธเธญเธกเธเธดเธงเน€เธ•เธญเธฃเนเธเธฃเธฐเธเธญเธเน€เธญเธ เธกเธฑเธเน€เธเนเธเธเธณเธ–เธฒเธกเธขเธญเธ”เธฎเธดเธ•เธ—เธตเนเธซเธฅเธฒเธขเธเธเธชเธเธชเธฑเธข เนเธ”เธขเน€เธเธเธฒเธฐเน€เธฃเธทเนเธญเธ <strong>\"เธฃเธฒเธเธฒ\"</strong> เธ—เธตเนเธกเธฑเธเธเธเธงเนเธฒเธเธญเธกเธเธดเธงเน€เธ•เธญเธฃเนเธเธฒเธเนเธเธฃเธเธ”เนเธ”เธฑเธเธกเธตเธฃเธฒเธเธฒเธชเธนเธเธเธงเนเธฒเธเธฒเธฃเน€เธฅเธทเธญเธเธเธทเนเธญเธเธดเนเธเธชเนเธงเธเธกเธฒเธเธฃเธฐเธเธญเธเน€เธญเธเธญเธขเนเธฒเธเน€เธซเนเธเนเธ”เนเธเธฑเธ” เธชเธฒเน€เธซเธ•เธธเธซเธฅเธฑเธเธกเธฒเธเธฒเธเธเธฑเธเธเธฑเธขเธซเธฅเธฒเธขเธเธฃเธฐเธเธฒเธฃ เนเธกเนเธงเนเธฒเธเธฐเน€เธเนเธเธ•เนเธเธ—เธธเธเธเธฒเธฃเธงเธดเธเธฑเธขเนเธฅเธฐเธเธฑเธ’เธเธฒ เธเธฒเธฃเธ•เธฅเธฒเธ” เนเธเธฃเธเธ”เนเธ”เธดเนเธ เธเธฒเธฃเธฃเธฑเธเธเธฃเธฐเธเธฑเธเธ—เธตเนเธเธฃเธญเธเธเธฅเธธเธก เธเธญเธเธ•เนเนเธงเธฃเนเธฅเธดเธเธชเธดเธ—เธเธดเนเธ—เธตเนเธ•เธดเธ”เธ•เธฑเนเธเธกเธฒเนเธซเน เธฃเธงเธกเธ–เธถเธเธเธฃเธดเธเธฒเธฃเธซเธฅเธฑเธเธเธฒเธฃเธเธฒเธขเนเธฅเธฐเน€เธเธฃเธทเธญเธเนเธฒเธขเธจเธนเธเธขเนเธเธฃเธดเธเธฒเธฃเธ—เธตเนเธเธฃเนเธญเธกเธฃเธญเธเธฃเธฑเธ เธเธถเนเธเธ—เธฑเนเธเธซเธกเธ”เธเธตเนเธฅเนเธงเธเน€เธเนเธเธกเธนเธฅเธเนเธฒเน€เธเธดเนเธกเธ—เธตเนเธเธนเนเธเธฃเธดเนเธ เธเธ•เนเธญเธเธเนเธฒเธขเน€เธเธดเนเธกเน€เธเนเธฒเนเธ.<br><br>เธเนเธญเธ”เธตเธซเธฅเธฑเธเธเธญเธเธเธญเธกเธเธดเธงเน€เธ•เธญเธฃเนเนเธเธฃเธเธ”เนเน€เธเธกเธเธทเธญ <strong>\"เธเธงเธฒเธกเธชเธฐเธ”เธงเธเธชเธเธฒเธขเนเธฅเธฐเธเธงเธฒเธกเธเนเธฒเน€เธเธทเนเธญเธ–เธทเธญ\"</strong> เธเธธเธ“เนเธ”เนเน€เธเธฃเธทเนเธญเธเธเธฃเนเธญเธกเนเธเนเธเธฒเธเธ—เธฑเธเธ—เธต เนเธกเนเธ•เนเธญเธเธเธฑเธเธงเธฅเน€เธฃเธทเนเธญเธเธเธฒเธฃเน€เธฅเธทเธญเธเธเธดเนเธเธชเนเธงเธ เธเธฒเธฃเธเธฃเธฐเธเธญเธ เธซเธฃเธทเธญเธเธงเธฒเธกเน€เธเนเธฒเธเธฑเธเนเธ”เนเธเธญเธเธฎเธฒเธฃเนเธ”เนเธงเธฃเน เธเธญเธเธเธฒเธเธเธตเนเธขเธฑเธเธกเธฒเธเธฃเนเธญเธกเธเธฑเธเธเธฒเธฃเธฃเธฑเธเธเธฃเธฐเธเธฑเธเนเธเธเน€เธเนเธ”เน€เธชเธฃเนเธ (เน€เธเนเธ เธฃเธฑเธเธเธฃเธฐเธเธฑเธเธ—เธฑเนเธเน€เธเธฃเธทเนเธญเธ) เนเธฅเธฐเธเธฃเธดเธเธฒเธฃเธซเธฅเธฑเธเธเธฒเธฃเธเธฒเธขเธ—เธตเนเนเธเนเธเนเธเธฃเนเธ เธ—เธณเนเธซเนเธชเธเธฒเธขเนเธเน€เธกเธทเนเธญเน€เธเธดเธ”เธเธฑเธเธซเธฒ เธญเธขเนเธฒเธเนเธฃเธเนเธ•เธฒเธก เธเนเธญเน€เธชเธตเธขเธเธทเธญ <strong>\"เธฃเธฒเธเธฒ\"</strong> เธ—เธตเนเธชเธนเธเธเธงเนเธฒ เนเธฅเธฐ <strong>\"เธเนเธญเธเธณเธเธฑเธ”เนเธเธเธฒเธฃเธญเธฑเธเน€เธเธฃเธ”\"</strong> เธ—เธตเนเธกเธฑเธเธเธฐเธ—เธณเนเธ”เนเธขเธฒเธเธเธงเนเธฒ เธซเธฃเธทเธญเธกเธตเธ•เธฑเธงเน€เธฅเธทเธญเธเธเธณเธเธฑเธ” เธฃเธงเธกเธ–เธถเธเธเธฒเธเธเธฃเธฑเนเธเธญเธฒเธเธกเธตเธเธญเธเธ•เนเนเธงเธฃเนเธ—เธตเนเนเธกเนเธเธณเน€เธเนเธ (Bloatware) เธ•เธดเธ”เธ•เธฑเนเธเธกเธฒเธ”เนเธงเธข.<br><br>เนเธเธ—เธฒเธเธเธฅเธฑเธเธเธฑเธ เธเธฒเธฃเธเธฃเธฐเธเธญเธเธเธญเธกเธเธดเธงเน€เธ•เธญเธฃเนเน€เธญเธเธกเธญเธ <strong>\"เธเธงเธฒเธกเธเธธเนเธกเธเนเธฒเนเธฅเธฐเธเธงเธฒเธกเธขเธทเธ”เธซเธขเธธเนเธเธชเธนเธเธชเธธเธ”\"</strong> เธเธธเธ“เธชเธฒเธกเธฒเธฃเธ–เน€เธฅเธทเธญเธเธชเน€เธเธเนเธ”เนเธ•เธฃเธเธ•เธฒเธกเธเธงเธฒเธกเธ•เนเธญเธเธเธฒเธฃเนเธฅเธฐเธเธเธเธฃเธฐเธกเธฒเธ“เธญเธขเนเธฒเธเนเธ—เนเธเธฃเธดเธ เนเธ”เนเธฎเธฒเธฃเนเธ”เนเธงเธฃเนเธ—เธตเนเธ”เธตเธ—เธตเนเธชเธธเธ”เนเธเธฃเธฒเธเธฒเธ—เธตเนเธเนเธฒเธขเนเธ เนเธฅเธฐเธชเธฒเธกเธฒเธฃเธ–เธญเธฑเธเน€เธเธฃเธ”เธเธดเนเธเธชเนเธงเธเนเธ•เนเธฅเธฐเธเธดเนเธเนเธ”เนเธเนเธฒเธขเธ”เธฒเธขเนเธเธญเธเธฒเธเธ• เนเธ•เนเธเนเธ•เนเธญเธเนเธฅเธเธกเธฒเธ”เนเธงเธข <strong>\"เธเธงเธฒเธกเธฃเธนเนเธเธงเธฒเธกเน€เธเนเธฒเนเธ\"</strong> เนเธเธเธฒเธฃเน€เธฅเธทเธญเธเนเธฅเธฐเธเธฃเธฐเธเธญเธเธเธดเนเธเธชเนเธงเธ เธฃเธงเธกเธ–เธถเธเธเธฒเธฃเธเธฑเธ”เธเธฒเธฃเน€เธฃเธทเนเธญเธเธเธฒเธฃเธฃเธฑเธเธเธฃเธฐเธเธฑเธเธเธญเธเนเธ•เนเธฅเธฐเธเธดเนเธเธชเนเธงเธเนเธขเธเธเธฑเธ เนเธฅเธฐเธ•เนเธญเธเธฃเธฑเธเธเธดเธ”เธเธญเธเธเธฒเธฃเนเธเนเธเธฑเธเธซเธฒเธ”เนเธงเธขเธ•เธฑเธงเน€เธญเธเน€เธกเธทเนเธญเน€เธเธดเธ”เน€เธซเธ•เธธเธเธฑเธ”เธเนเธญเธ <br><br>เธ”เธฑเธเธเธฑเนเธ เธเธฒเธฃเธ•เธฑเธ”เธชเธดเธเนเธเธเธถเนเธเธญเธขเธนเนเธเธฑเธเธเธงเธฒเธกเธ•เนเธญเธเธเธฒเธฃ เธเธเธเธฃเธฐเธกเธฒเธ“ เนเธฅเธฐเธฃเธฐเธ”เธฑเธเธเธงเธฒเธกเน€เธเธตเนเธขเธงเธเธฒเธเธชเนเธงเธเธเธธเธเธเธฅ เธซเธฒเธเน€เธเนเธเธเธงเธฒเธกเธเนเธฒเธข เธชเธเธฒเธขเนเธ เนเธฅเธฐเธเธฃเธดเธเธฒเธฃเธซเธฅเธฑเธเธเธฒเธฃเธเธฒเธข เธเธญเธกเนเธเธฃเธเธ”เนเน€เธเธกเธเธทเธญเธเธณเธ•เธญเธ เนเธ•เนเธ–เนเธฒเธ•เนเธญเธเธเธฒเธฃเธเธฃเธฐเธชเธดเธ—เธเธดเธ เธฒเธเธชเธนเธเธชเธธเธ”เธ•เนเธญเธฃเธฒเธเธฒ เธเธงเธฒเธกเธขเธทเธ”เธซเธขเธธเนเธ เนเธฅเธฐเธเธฃเนเธญเธกเธ—เธตเนเธเธฐเน€เธฃเธตเธขเธเธฃเธนเน เธเธฒเธฃเธเธฃเธฐเธเธญเธเน€เธญเธเธเธทเธญเธ—เธฒเธเน€เธฅเธทเธญเธเธ—เธตเนเนเธเนเธเธงเนเธฒ.','https://image.pollinations.ai/prompt/%E0%B8%97%E0%B8%B3%E0%B9%84%E0%B8%A1%E0%B8%84%E0%B8%AD%E0%B8%A1%E0%B9%81%E0%B8%9A%E0%B8%A3%E0%B8%99%E0%B8%94%E0%B9%8C%E0%B9%80%E0%B8%99%E0%B8%A1%E0%B8%96%E0%B8%B6%E0%B8%87%E0%B9%81%E0%B8%9E%E0%B8%87%E0%B8%81%E0%B8%A7%E0%B9%88%E0%B8%B2%E0%B8%9B%E0%B8%A3%E0%B8%B0%E0%B8%81%E0%B8%AD%E0%B8%9A%E0%B9%80%E0%B8%AD%E0%B8%87%3F%20%E0%B8%82%E0%B9%89%E0%B8%AD%E0%B8%94%E0%B8%B5%E0%B8%82%E0%B9%89%E0%B8%AD%E0%B9%80%E0%B8%AA%E0%B8%B5%E0%B8%A2%E0%B8%97%E0%B8%B5%E0%B9%88%E0%B8%84%E0%B8%B8%E0%B8%93%E0%B8%95%E0%B9%89%E0%B8%AD%E0%B8%87%E0%B8%A3%E0%B8%B9%E0%B9%89%20high%20quality%20technology%20hardware%20photography?width=800&height=400&nologo=true','2026-06-27 17:00:00'),(6,'เธชเธ•เธฃเธตเธกเน€เธกเธญเธฃเนเธเธเธเธณเธเธฑเธ”เธเธฑเธเธ—เธฒเธเธเธตเน! เธเธฑเธ”เธชเน€เธเธเธเธญเธก 30,000 เธเธฒเธ— เธ—เธฑเนเธเน€เธฅเนเธเน€เธเธกเนเธฅเธฐเธชเธ•เธฃเธตเธกเนเธ”เนเธชเธเธฒเธข','เธเธฒเธฃเน€เธเนเธเธชเธ•เธฃเธตเธกเน€เธกเธญเธฃเนเนเธเธเธฑเธเธเธธเธเธฑเธเนเธกเนเนเธเนเน€เธฃเธทเนเธญเธเธขเธฒเธเธญเธตเธเธ•เนเธญเนเธ เนเธกเนเธเธฐเธกเธตเธเธเธเธฃเธฐเธกเธฒเธ“เธเธณเธเธฑเธ”เธ—เธตเน 30,000 เธเธฒเธ— เธเธธเธ“เธเนเธชเธฒเธกเธฒเธฃเธ–เธเธฃเธฐเธเธญเธเธเธญเธกเธเธดเธงเน€เธ•เธญเธฃเนเธ—เธตเนเธเธฃเนเธญเธกเธชเธณเธซเธฃเธฑเธเธเธฒเธฃเน€เธฅเนเธเน€เธเธกเนเธฅเธฐเธชเธ•เธฃเธตเธกเธกเธดเนเธเนเธ”เนเธญเธขเนเธฒเธเธฃเธฒเธเธฃเธทเนเธ เนเธกเนเธงเนเธฒเธเธฐเน€เธเนเธเน€เธเธกเธขเธญเธ”เธเธดเธขเธกเธซเธฃเธทเธญเนเธฅเธเนเธชเนเธ•เธฅเนเธชเนเธงเธเธ•เธฑเธง เธซเธฑเธงเนเธเธชเธณเธเธฑเธเธเธทเธญเธเธฒเธฃเน€เธฅเธทเธญเธเธชเนเธงเธเธเธฃเธฐเธเธญเธเธ—เธตเนเนเธซเนเธเธงเธฒเธกเธเธธเนเธกเธเนเธฒเธชเธนเธเธชเธธเธ”เนเธเนเธ•เนเธฅเธฐเธ”เนเธฒเธ เน€เธเธทเนเธญเนเธซเนเธเธฒเธฃเธชเธ•เธฃเธตเธกเธเธญเธเธเธธเธ“เนเธกเนเธชเธฐเธ”เธธเธ”เนเธฅเธฐเธเธนเนเธเธกเนเธ”เนเธฃเธฑเธเธเธฃเธฐเธชเธเธเธฒเธฃเธ“เนเธ—เธตเนเธ”เธตเธ—เธตเนเธชเธธเธ”<br><br>เธชเธณเธซเธฃเธฑเธเธเธเธเธฃเธฐเธกเธฒเธ“เธเธตเน เน€เธฃเธฒเธเธฐเน€เธเนเธเนเธเธ—เธตเน CPU เธ—เธตเนเธกเธตเธเธณเธเธงเธเธเธญเธฃเนเน€เธเธตเธขเธเธเธญเธชเธณเธซเธฃเธฑเธเธเธฒเธฃเธเธฃเธฐเธกเธงเธฅเธเธฅเธ—เธฑเนเธเน€เธเธกเนเธฅเธฐเธเธฒเธฃเน€เธเนเธฒเธฃเธซเธฑเธชเธงเธดเธ”เธตเนเธญ (Encoding) เธเธฃเนเธญเธกเธเธฑเธเธเธฒเธฃเนเธ”เธเธญเธ—เธตเนเธชเธฒเธกเธฒเธฃเธ–เธฃเธฑเธเน€เธเธกเธชเนเธงเธเนเธซเธเนเธ—เธตเนเธเธงเธฒเธกเธฅเธฐเน€เธญเธตเธขเธ” Full HD เนเธ”เนเธญเธขเนเธฒเธเธชเธเธฒเธข เนเธฅเธฐเธขเธฑเธเธกเธฒเธเธฃเนเธญเธกเธเธฑเธ Encoder เธเธธเธ“เธ เธฒเธเธ”เธตเธชเธณเธซเธฃเธฑเธเธเธฒเธฃเธชเธ•เธฃเธตเธกเนเธ”เธขเน€เธเธเธฒเธฐ เนเธฅเธฐเธเธตเนเธเธทเธญเธเธธเธ“เธชเธกเธเธฑเธ•เธดเธซเธฅเธฑเธเธ—เธตเนเน€เธฃเธฒเนเธเธฐเธเธณ:<br><ul><li><strong>CPU:</strong> AMD Ryzen 5 5600 เธซเธฃเธทเธญ Intel Core i5-12400F โ€“ เน€เธฅเธทเธญเธเนเธ”เนเธ•เธฒเธกเธเธงเธฒเธกเธเธญเธ เธ—เธฑเนเธเธชเธญเธเธฃเธธเนเธเนเธซเนเธเธฃเธฐเธชเธดเธ—เธเธดเธ เธฒเธเธ—เธตเนเธขเธญเธ”เน€เธขเธตเนเธขเธกเธชเธณเธซเธฃเธฑเธเธเธฒเธฃเน€เธฅเนเธเน€เธเธกเนเธฅเธฐเธกเธตเธเธณเธเธงเธเธเธญเธฃเน/เน€เธเธฃเธ”เธ—เธตเนเน€เธเธตเธขเธเธเธญเธชเธณเธซเธฃเธฑเธเธเธฒเธฃเธ—เธณเธเธฒเธเธฃเนเธงเธกเธเธฑเธเธเธฒเธฃเธชเธ•เธฃเธตเธกเธกเธดเนเธเนเธ”เนเธญเธขเนเธฒเธเนเธกเนเธ•เธดเธ”เธเธฑเธ”</li><li><strong>GPU:</strong> AMD Radeon RX 6600 XT เธซเธฃเธทเธญ NVIDIA GeForce RTX 3050 โ€“ RX 6600 XT เนเธซเนเธเธฃเธฐเธชเธดเธ—เธเธดเธ เธฒเธเธเธฒเธฃเน€เธฅเนเธเน€เธเธกเธ—เธตเนเธ”เธตเธเธงเนเธฒเนเธเธเธเธเธฃเธฐเธกเธฒเธ“เนเธเธฅเนเน€เธเธตเธขเธ เธชเนเธงเธ RTX 3050 เธกเธตเธเธธเธ”เน€เธ”เนเธเธ—เธตเนเน€เธ—เธเนเธเนเธฅเธขเธต NVENC เธเธถเนเธเธเนเธงเธขเนเธเธเธฒเธฃเธชเธ•เธฃเธตเธกเนเธ”เนเธฅเธทเนเธเนเธซเธฅเน€เธเนเธเธเธดเน€เธจเธฉ (เธฅเธญเธเน€เธเนเธเธฃเธฒเธเธฒเนเธเธเนเธงเธเธ—เธตเนเธเธฑเธ”เธเธทเนเธญ เน€เธเธฃเธฒเธฐเธฃเธฒเธเธฒเธญเธฒเธเนเธ•เธเธ•เนเธฒเธเธเธฑเธ)</li><li><strong>RAM:</strong> 16GB DDR4 Bus 3200MHz (8GB x 2) โ€“ เน€เธเนเธเธกเธฒเธ•เธฃเธเธฒเธเธ—เธตเนเธเธณเน€เธเนเธเธชเธณเธซเธฃเธฑเธเธเธฒเธฃเน€เธฅเนเธเน€เธเธกเนเธฅเธฐเธเธฒเธฃเธชเธ•เธฃเธตเธกเนเธเธเธฃเนเธญเธกเธเธฑเธ เน€เธเธทเนเธญเนเธซเนเธฃเธฐเธเธเธ—เธณเธเธฒเธเนเธ”เนเธญเธขเนเธฒเธเธกเธตเน€เธชเธ–เธตเธขเธฃเธ เธฒเธ</li><li><strong>Storage:</strong> 1TB NVMe SSD โ€“ เธเธงเธฒเธกเน€เธฃเนเธงเนเธเธเธฒเธฃเนเธซเธฅเธ”เน€เธเธกเนเธฅเธฐเนเธเธฃเนเธเธฃเธกเธเธฐเนเธ•เธเธ•เนเธฒเธเธเธฒเธ HDD เธญเธขเนเธฒเธเน€เธซเนเธเนเธ”เนเธเธฑเธ” เธเธฒเธฃเน€เธฅเธทเธญเธเนเธเน NVMe SSD เธเธเธฒเธ” 1TB เธ—เธณเนเธซเนเธเธธเธ“เธกเธตเธเธทเนเธเธ—เธตเนเน€เธเธตเธขเธเธเธญเธชเธณเธซเธฃเธฑเธ Windows, เน€เธเธก เนเธฅเธฐเนเธเธฃเนเธเธฃเธกเธชเธ•เธฃเธตเธกเธกเธดเนเธเธ•เนเธฒเธเน</li><li><strong>Motherboard:</strong> เธเธดเธเน€เธเนเธ• B550 เธชเธณเธซเธฃเธฑเธ AMD เธซเธฃเธทเธญ B660 เธชเธณเธซเธฃเธฑเธ Intel โ€“ เน€เธกเธเธเธญเธฃเนเธ”เธฃเธธเนเธเน€เธฃเธดเนเธกเธ•เนเธเธ—เธตเนเธฃเธญเธเธฃเธฑเธ CPU เนเธฅเธฐเธกเธตเธเธตเน€เธเธญเธฃเนเธ—เธตเนเธเธณเน€เธเนเธเธเธฃเธเธเธฃเธฑเธ</li><li><strong>PSU (Power Supply):</strong> 600W 80 Plus Bronze โ€“ เธเนเธฒเธขเนเธเนเธ”เนเน€เธเธตเธขเธเธเธญเนเธฅเธฐเธกเธตเธเธฃเธฐเธชเธดเธ—เธเธดเธ เธฒเธเธ—เธตเนเธกเธฑเนเธเธเธเธชเธณเธซเธฃเธฑเธเธ—เธธเธเธชเนเธงเธเธเธฃเธฐเธเธญเธ</li><li><strong>Case:</strong> เน€เธเธช Mid-Tower เธ—เธตเนเธกเธตเธเธฒเธฃเนเธซเธฅเน€เธงเธตเธขเธเธญเธฒเธเธฒเธจเธ”เธต โ€“ เน€เธฅเธทเธญเธเธ”เธตเนเธเธเนเธ—เธตเนเธเธญเธ เนเธ•เนเน€เธเนเธเธเนเธญเธเธฃเธฐเธเธฒเธขเธญเธฒเธเธฒเธจเธ—เธตเนเธ”เธตเน€เธเธทเนเธญเธเนเธงเธขเธฅเธ”เธเธงเธฒเธกเธฃเนเธญเธเธเธญเธเธญเธธเธเธเธฃเธ“เน</li></ul><br>เธ”เนเธงเธขเธชเน€เธเธเธเธฃเธฐเธกเธฒเธ“เธเธตเน เธเธธเธ“เธเธฐเนเธ”เนเธเธญเธกเธเธดเธงเน€เธ•เธญเธฃเนเธ—เธตเนเธเธฃเนเธญเธกเธชเธณเธซเธฃเธฑเธเน€เธชเนเธเธ—เธฒเธเธชเธ•เธฃเธตเธกเน€เธกเธญเธฃเนเธเธญเธเธเธธเธ“ เธชเธฒเธกเธฒเธฃเธ–เน€เธฅเนเธเน€เธเธกเธขเธญเธ”เธเธดเธขเธกเนเธฅเธฐเธชเธ•เธฃเธตเธกเธญเธญเธเธญเธฒเธเธฒเธจเนเธ”เนเธญเธขเนเธฒเธเธฃเธฒเธเธฃเธทเนเธเนเธฃเนเธเธฑเธเธงเธฅ เธชเธดเนเธเธชเธณเธเธฑเธเธเธทเธญเธเธฒเธฃเธเธฃเธฑเธเธ•เธฑเนเธเธเนเธฒ OBS Studio เธซเธฃเธทเธญเนเธเธฃเนเธเธฃเธกเธชเธ•เธฃเธตเธกเธกเธดเนเธเธญเธทเนเธเน เนเธซเนเน€เธซเธกเธฒเธฐเธชเธกเธเธฑเธเธชเน€เธเธเธเธญเธกเธเธดเธงเน€เธ•เธญเธฃเนเธเธญเธเธเธธเธ“ เน€เธเธตเธขเธเน€เธ—เนเธฒเธเธตเน เธเธ 30,000 เธเธฒเธ— เธเนเนเธกเนเนเธเนเธเนเธญเธเธณเธเธฑเธ”เนเธเธเธฒเธฃเน€เธเนเธเธชเธ•เธฃเธตเธกเน€เธกเธญเธฃเนเธญเธตเธเธ•เนเธญเนเธ เธเธญเนเธซเนเธชเธเธธเธเธเธฑเธเธเธฒเธฃเธชเธ•เธฃเธตเธกเธเธฃเธฑเธ!','https://image.pollinations.ai/prompt/%E0%B8%88%E0%B8%B1%E0%B8%94%E0%B8%AA%E0%B9%80%E0%B8%9B%E0%B8%84%E0%B8%84%E0%B8%AD%E0%B8%A1%E0%B8%AA%E0%B8%B2%E0%B8%A2%E0%B8%AA%E0%B8%95%E0%B8%A3%E0%B8%B5%E0%B8%A1%E0%B9%80%E0%B8%A1%E0%B8%AD%E0%B8%A3%E0%B9%8C%20%E0%B8%87%E0%B8%9A%2030%2C000%20%E0%B8%9A%E0%B8%B2%E0%B8%97%20%E0%B9%80%E0%B8%A5%E0%B9%88%E0%B8%99%E0%B9%84%E0%B8%94%E0%B9%89%E0%B8%AA%E0%B8%95%E0%B8%A3%E0%B8%B5%E0%B8%A1%E0%B8%A5%E0%B8%B7%E0%B9%88%E0%B8%99%20high%20quality%20technology%20hardware%20photography?width=800&height=400&nologo=true','2026-06-27 17:00:00'),(7,'DDR5 vs DDR4: เธ–เธถเธเน€เธงเธฅเธฒเธ•เธฑเธ”เธชเธดเธเนเธเธญเธฑเธเน€เธเธฃเธ”เธซเธเนเธงเธขเธเธงเธฒเธกเธเธณเธเธญเธกเธเธดเธงเน€เธ•เธญเธฃเนเธเธญเธเธเธธเธ“เนเธฅเนเธงเธซเธฃเธทเธญเธขเธฑเธ?','เนเธเนเธฅเธเธเธญเธเธเธญเธกเธเธดเธงเน€เธ•เธญเธฃเนเธ—เธตเนเธซเธกเธธเธเนเธเธญเธขเนเธฒเธเธฃเธงเธ”เน€เธฃเนเธง เธซเธเธถเนเธเนเธเธชเนเธงเธเธเธฃเธฐเธเธญเธเธชเธณเธเธฑเธเธ—เธตเนเธกเธตเธเธ—เธเธฒเธ—เธ•เนเธญเธเธฃเธฐเธชเธดเธ—เธเธดเธ เธฒเธเนเธ”เธขเธฃเธงเธกเธเธทเธญเธซเธเนเธงเธขเธเธงเธฒเธกเธเธณ เธซเธฃเธทเธญ RAM เธเธฑเธเธเธธเธเธฑเธเน€เธฃเธฒเธเธณเธฅเธฑเธเธญเธขเธนเนเนเธเธเนเธงเธเน€เธเธฅเธตเนเธขเธเธเนเธฒเธเธเธฒเธเธกเธฒเธ•เธฃเธเธฒเธ DDR4 เธชเธนเน DDR5 เธเธถเนเธเธเธณเธกเธฒเธเธถเนเธเธเธฒเธฃเธเธฃเธฑเธเธเธฃเธธเธเธเธฃเธฑเนเธเนเธซเธเน <strong>DDR5 เนเธ”เธ”เน€เธ”เนเธเธ”เนเธงเธขเธเธงเธฒเธกเน€เธฃเนเธงเธชเธฑเธเธเธฒเธ“เธเธฒเธฌเธดเธเธฒเธ—เธตเนเธชเธนเธเธเธงเนเธฒเธกเธฒเธ เนเธเธเธ”เนเธงเธดเธ”เธ—เนเธ—เธตเนเธเธงเนเธฒเธเธเธถเนเธ เนเธฅเธฐเธเธฒเธฃเนเธเนเธเธฅเธฑเธเธเธฒเธเธ—เธตเนเธกเธตเธเธฃเธฐเธชเธดเธ—เธเธดเธ เธฒเธเธกเธฒเธเธเธถเนเธ</strong> เธชเธ–เธฒเธเธฑเธ•เธขเธเธฃเธฃเธกเนเธซเธกเนเธเธตเนเธเนเธงเธขเนเธซเนเธเธฒเธฃเธเธฃเธฐเธกเธงเธฅเธเธฅเธเนเธญเธกเธนเธฅเธฃเธงเธ”เน€เธฃเนเธงเนเธฅเธฐเธฃเธฒเธเธฃเธทเนเธเธเธงเนเธฒเธ—เธตเนเน€เธเธขเน€เธเนเธเธกเธฒ เนเธ”เธขเน€เธเธเธฒเธฐเธญเธขเนเธฒเธเธขเธดเนเธเนเธเธเธฒเธฃเธ—เธณเธเธฒเธเธ—เธตเนเธ•เนเธญเธเธเธฒเธฃเธ—เธฃเธฑเธเธขเธฒเธเธฃเธชเธนเธ<br><br>เธเธณเธ–เธฒเธกเธชเธณเธเธฑเธเธเธทเธญ \"เธ–เธถเธเน€เธงเธฅเธฒเธ—เธตเนเธเธธเธ“เธเธฐเธ•เนเธญเธเธญเธฑเธเน€เธเธฃเธ”เนเธฅเนเธงเธซเธฃเธทเธญเธขเธฑเธ?\" เธเธฒเธฃเน€เธเธฅเธตเนเธขเธเนเธเนเธเน DDR5 เนเธกเนเนเธ”เนเธซเธกเธฒเธขเธ–เธถเธเนเธเนเธเธฒเธฃเน€เธเธฅเธตเนเธขเธ RAM เน€เธ—เนเธฒเธเธฑเนเธ เนเธ•เนเธขเธฑเธเธ•เนเธญเธเธเธดเธเธฒเธฃเธ“เธฒเธ–เธถเธเธเธงเธฒเธกเน€เธเนเธฒเธเธฑเธเนเธ”เนเธเธฑเธเน€เธกเธเธเธญเธฃเนเธ”เนเธฅเธฐ CPU เธฃเธธเนเธเนเธซเธกเนเธ—เธตเนเธฃเธญเธเธฃเธฑเธ DDR5 เนเธ”เธขเน€เธเธเธฒเธฐ เนเธเธฃเน€เธเธชเน€เธเธญเธฃเนเธฃเธธเนเธเธฅเนเธฒเธชเธธเธ”เธญเธขเนเธฒเธ Intel Gen 12 (เนเธฅเธฐเนเธซเธกเนเธเธงเนเธฒ) เธซเธฃเธทเธญ AMD AM5 เน€เธ—เนเธฒเธเธฑเนเธเธ—เธตเนเธฃเธญเธเธฃเธฑเธ DDR5 เธซเธฒเธเธเธธเธ“เน€เธเนเธเธเธฑเธเน€เธฅเนเธเน€เธเธกเธ—เธตเนเธ•เนเธญเธเธเธฒเธฃเน€เธเธฃเธกเน€เธฃเธ•เธชเธนเธเธชเธธเธ” เธเธนเนเธชเธฃเนเธฒเธเธเธญเธเน€เธ—เธเธ•เนเธ—เธตเนเน€เธฃเธเน€เธ”เธญเธฃเนเธงเธดเธ”เธตเนเธญ 4K เธซเธฃเธทเธญ 8K เธซเธฃเธทเธญเธเธนเนเนเธเนเธเธฒเธเธกเธทเธญเธญเธฒเธเธตเธเธ—เธตเนเธ•เนเธญเธเธเธฒเธฃเธเธฃเธฐเธชเธดเธ—เธเธดเธ เธฒเธเธชเธนเธเธชเธธเธ” DDR5 เธขเนเธญเธกเธกเธญเธเธเธฃเธฐเธชเธเธเธฒเธฃเธ“เนเธ—เธตเนเธ”เธตเธเธงเนเธฒเธญเธขเนเธฒเธเน€เธซเนเธเนเธ”เนเธเธฑเธ” เนเธ•เนเธชเธณเธซเธฃเธฑเธเธเธนเนเนเธเนเธเธฒเธเธ—เธฑเนเธงเนเธเธ—เธตเนเน€เธเนเธเธเธฒเธฃเนเธเนเธเธฒเธเธเธทเนเธเธเธฒเธ เน€เธเนเธ เธ—เนเธญเธเน€เธงเนเธ เธ—เธณเธเธฒเธเน€เธญเธเธชเธฒเธฃ เธซเธฃเธทเธญเน€เธฅเนเธเน€เธเธกเธ—เธตเนเนเธกเนเธซเธเธฑเธเธกเธฒเธ DDR4 เธ—เธตเนเธกเธตเธฃเธฒเธเธฒเน€เธเนเธฒเธ–เธถเธเธเนเธฒเธขเธเธงเนเธฒเธเนเธขเธฑเธเธเธเน€เธเนเธเธ•เธฑเธงเน€เธฅเธทเธญเธเธ—เธตเนเธเธธเนเธกเธเนเธฒเนเธฅเธฐเน€เธเธตเธขเธเธเธญเธ•เนเธญเธเธฒเธฃเนเธเนเธเธฒเธ<br><br>เธ”เธฑเธเธเธฑเนเธ เธเธฒเธฃเธ•เธฑเธ”เธชเธดเธเนเธเธญเธฑเธเน€เธเธฃเธ”เธเธงเธฃเธเธถเนเธเธญเธขเธนเนเธเธฑเธเธเธเธเธฃเธฐเธกเธฒเธ“ เธเธงเธฒเธกเธ•เนเธญเธเธเธฒเธฃเนเธเนเธเธฒเธ เนเธฅเธฐเนเธเธเธเธฒเธฃเธญเธฑเธเน€เธเธฃเธ”เธฃเธฐเธเธเนเธ”เธขเธฃเธงเธกเธเธญเธเธเธธเธ“ เธซเธฒเธเธเธธเธ“เธเธณเธฅเธฑเธเธเธฃเธฐเธเธญเธเธเธญเธกเธเธดเธงเน€เธ•เธญเธฃเนเน€เธเธฃเธทเนเธญเธเนเธซเธกเนเธ”เนเธงเธข CPU เนเธฅเธฐเน€เธกเธเธเธญเธฃเนเธ”เธฃเธธเนเธเธฅเนเธฒเธชเธธเธ” เธเธฒเธฃเน€เธฅเธทเธญเธ DDR5 เธ–เธทเธญเน€เธเนเธเธเธฒเธฃเธฅเธเธ—เธธเธเธ—เธตเนเธเธธเนเธกเธเนเธฒเธชเธณเธซเธฃเธฑเธเธญเธเธฒเธเธ•เนเธฅเธฐเธเธฃเธฐเธชเธดเธ—เธเธดเธ เธฒเธเธ—เธตเนเน€เธซเธเธทเธญเธเธงเนเธฒ <strong>เนเธ•เนเธ–เนเธฒเธเธธเธ“เธขเธฑเธเธเธเนเธเนเนเธเธฅเธ•เธเธญเธฃเนเธก DDR4 เนเธฅเธฐเธฃเธนเนเธชเธถเธเธงเนเธฒเธเธฃเธฐเธชเธดเธ—เธเธดเธ เธฒเธเธขเธฑเธเน€เธเธตเธขเธเธเธญ เธเธฒเธฃเธฃเธญเนเธซเนเธฃเธฒเธเธฒ DDR5 เธฅเธ”เธฅเธเนเธฅเธฐเน€เธ—เธเนเธเนเธฅเธขเธตเธกเธตเธเธฒเธฃเธเธฑเธ’เธเธฒเธ—เธตเนเธชเธกเธเธนเธฃเธ“เนเนเธเธเธขเธดเนเธเธเธถเนเธเธเนเธญเธฒเธเน€เธเนเธเธ—เธฒเธเน€เธฅเธทเธญเธเธ—เธตเนเธเธฅเธฒเธ”เธเธงเนเธฒเนเธเธ•เธญเธเธเธตเน</strong>','https://image.pollinations.ai/prompt/DDR5%20vs%20DDR4%3A%20%E0%B8%96%E0%B8%B6%E0%B8%87%E0%B9%80%E0%B8%A7%E0%B8%A5%E0%B8%B2%E0%B8%97%E0%B8%B5%E0%B9%88%E0%B8%95%E0%B9%89%E0%B8%AD%E0%B8%87%E0%B8%AD%E0%B8%B1%E0%B8%9B%E0%B9%80%E0%B8%81%E0%B8%A3%E0%B8%94%E0%B8%AB%E0%B8%A3%E0%B8%B7%E0%B8%AD%E0%B8%A2%E0%B8%B1%E0%B8%87%3F%20high%20quality%20technology%20hardware%20photography?width=800&height=400&nologo=true','2026-06-27 17:00:00'),(8,'SSD PCIe Gen 5: เธเธณเน€เธเนเธเนเธเนเนเธซเธเธชเธณเธซเธฃเธฑเธเธเธญเน€เธเธกเธขเธธเธเนเธซเธกเน?','SSD PCIe Gen 5 เธเธณเธฅเธฑเธเน€เธเนเธฒเธกเธฒเธเธเธดเธงเธฑเธ•เธดเธงเธเธเธฒเธฃเน€เธเนเธเธเนเธญเธกเธนเธฅเธ”เนเธงเธขเธเธงเธฒเธกเน€เธฃเนเธงเธ—เธตเนเน€เธซเธเธทเธญเธเธงเนเธฒ Gen 4 เธญเธขเนเธฒเธเน€เธซเนเธเนเธ”เนเธเธฑเธ” เธ•เธฑเธงเน€เธฅเธเธเธงเธฒเธกเน€เธฃเนเธงเธญเนเธฒเธ/เน€เธเธตเธขเธเธ—เธตเนเธ—เธฐเธฅเธธ 10,000 MB/s เธ—เธณเนเธซเนเธซเธฅเธฒเธขเธเธเธญเธ”เธชเธเธชเธฑเธขเนเธกเนเนเธ”เนเธงเนเธฒเน€เธ—เธเนเธเนเธฅเธขเธตเธชเธธเธ”เธฅเนเธณเธเธตเนเธเธฐเน€เธเนเธฒเธกเธฒเน€เธเธฅเธตเนเธขเธเธเธฃเธฐเธชเธเธเธฒเธฃเธ“เนเธเธฒเธฃเน€เธฅเนเธเน€เธเธกเธเธญเธเน€เธฃเธฒเนเธเธ•เธฅเธญเธ”เธเธฒเธฅเธซเธฃเธทเธญเนเธกเน? เธ”เนเธงเธขเธเธฃเธฐเธชเธดเธ—เธเธดเธ เธฒเธเธ—เธตเนเธเนเธฒเธงเธเธฃเธฐเนเธ”เธ” เธเธนเนเธเธฅเธดเธ•เธ•เนเธฒเธเนเธเธฉเธ“เธฒเธ–เธถเธเธเธฒเธฃเนเธซเธฅเธ”เน€เธเธกเธ—เธตเนเน€เธฃเนเธงเธเธถเนเธเธญเธขเนเธฒเธเนเธกเนเธเนเธฒเน€เธเธทเนเธญ เนเธฅเธฐเธเธฒเธฃเธฃเธญเธเธฃเธฑเธเน€เธ—เธเนเธเนเธฅเธขเธตเธญเธขเนเธฒเธ DirectStorage เธ—เธตเนเธเธฐเน€เธเนเธฒเธกเธฒเธเธฅเธ”เธฅเนเธญเธเธจเธฑเธเธขเธ เธฒเธเธเธญเธ GPU เนเธซเนเธ—เธณเธเธฒเธเธฃเนเธงเธกเธเธฑเธ SSD เนเธ”เนเธ”เธตเธขเธดเนเธเธเธถเนเธ<br><br>เธญเธขเนเธฒเธเนเธฃเธเนเธ•เธฒเธก เนเธเธเธงเธฒเธกเน€เธเนเธเธเธฃเธดเธเธชเธณเธซเธฃเธฑเธเธเธฑเธเน€เธฅเนเธเน€เธเธกเธชเนเธงเธเนเธซเธเนเนเธฅเนเธง <strong>SSD PCIe Gen 5 เธญเธฒเธเธขเธฑเธเนเธกเนเนเธเน \"เธชเธดเนเธเธเธณเน€เธเนเธ\" เนเธเธ•เธญเธเธเธตเน</strong> เน€เธเธกเนเธเธเธฑเธเธเธธเธเธฑเธเธชเนเธงเธเนเธซเธเนเธ–เธนเธเธเธฑเธ’เธเธฒเธเธถเนเธเนเธ”เธขเธเธณเธเธถเธเธ–เธถเธเธเธฃเธฐเธชเธดเธ—เธเธดเธ เธฒเธเธเธญเธ SSD PCIe Gen 3 เธซเธฃเธทเธญ Gen 4 เน€เธเนเธเธซเธฅเธฑเธ เนเธฅเธฐเธขเธฑเธเนเธกเนเธชเธฒเธกเธฒเธฃเธ–เธ”เธถเธเธจเธฑเธเธขเธ เธฒเธเธชเธนเธเธชเธธเธ”เธเธญเธ Gen 5 เธกเธฒเนเธเนเธเธฒเธเนเธ”เนเธญเธขเนเธฒเธเน€เธ•เนเธกเธ—เธตเน เนเธกเนเนเธ•เนเน€เธ—เธเนเธเนเธฅเธขเธตเธญเธขเนเธฒเธ DirectStorage เธ—เธตเนเธญเธญเธเนเธเธเธกเธฒเน€เธเธทเนเธญเนเธเนเธเธฃเธฐเนเธขเธเธเนเธเธฒเธ SSD เธเธงเธฒเธกเน€เธฃเนเธงเธชเธนเธ เธเนเธขเธฑเธเธญเธขเธนเนเนเธเธเนเธงเธเน€เธฃเธดเนเธกเธ•เนเธเนเธฅเธฐเธกเธตเน€เธเธกเธ—เธตเนเธฃเธญเธเธฃเธฑเธเน€เธเธตเธขเธเนเธกเนเธเธตเนเน€เธเธก<br><br>เธชเนเธงเธเธเธญเธเธงเธ”เธ—เธตเนเนเธ—เนเธเธฃเธดเธเธเธญเธเธเธฒเธฃเน€เธฅเนเธเน€เธเธกเธชเนเธงเธเนเธซเธเนเธขเธฑเธเธเธเธญเธขเธนเนเธ—เธตเนเธเธฒเธฃเนเธ”เธเธญ (GPU) เนเธฅเธฐเธซเธเนเธงเธขเธเธฃเธฐเธกเธงเธฅเธเธฅเธเธฅเธฒเธ (CPU) เน€เธเนเธเธซเธฅเธฑเธ เธเธฒเธฃเธญเธฑเธเน€เธเธฃเธ”เนเธเนเธเน SSD Gen 5 เธเธถเธเธญเธฒเธเนเธกเนเนเธ”เนเนเธซเนเธเธงเธฒเธกเนเธ•เธเธ•เนเธฒเธเธญเธขเนเธฒเธเธกเธตเธเธฑเธขเธชเธณเธเธฑเธเนเธเนเธเนเธเธญเธเน€เธเธฃเธกเน€เธฃเธ•เธซเธฃเธทเธญเน€เธงเธฅเธฒเนเธซเธฅเธ”เน€เธเธกเนเธเธเธตเธงเธดเธ•เธเธฃเธฐเธเธณเธงเธฑเธ เน€เธกเธทเนเธญเน€เธ—เธตเธขเธเธเธฑเธเธเธฒเธฃเธฅเธเธ—เธธเธเนเธเธเธฒเธฃเนเธ”เธเธญเธซเธฃเธทเธญเธเธตเธเธตเธขเธนเธ—เธตเนเธ”เธตเธเธงเนเธฒ<br><br>เธชเธณเธซเธฃเธฑเธเน€เธเธกเน€เธกเธญเธฃเนเธ—เธฑเนเธงเนเธเธ—เธตเนเธกเธญเธเธซเธฒเธเธงเธฒเธกเธเธธเนเธกเธเนเธฒ เธเธฒเธฃเน€เธฅเธทเธญเธเนเธเน SSD PCIe Gen 4 เธเธธเธ“เธ เธฒเธเธชเธนเธเธเนเน€เธเธตเธขเธเธเธญเนเธฅเธฐเนเธซเนเธเธฃเธฐเธชเธดเธ—เธเธดเธ เธฒเธเธ—เธตเนเธขเธญเธ”เน€เธขเธตเนเธขเธกเธชเธณเธซเธฃเธฑเธเธเธฒเธฃเน€เธฅเนเธเน€เธเธกเธ—เธธเธเธเธฃเธฐเน€เธ เธ—เนเธฅเนเธง เธเธฒเธฃเธฅเธเธ—เธธเธเธเธฑเธ Gen 5 เนเธเธงเธฑเธเธเธตเนเธเธถเธเน€เธซเธกเธฒเธฐเธชเธณเธซเธฃเธฑเธเธเธนเนเธ—เธตเนเธ•เนเธญเธเธเธฒเธฃ \"เธ—เธตเนเธชเธธเธ”\" เธเธญเธเน€เธ—เธเนเธเนเธฅเธขเธต เธเธนเนเธ—เธตเนเธ—เธณเธเธฒเธเธเธฑเธเนเธเธฅเนเธเธเธฒเธ”เนเธซเธเนเธกเธฒเธเน เธซเธฃเธทเธญเธเธนเนเธ—เธตเนเธ•เนเธญเธเธเธฒเธฃเน€เธ•เธฃเธตเธขเธกเธเธฃเนเธญเธกเธชเธณเธซเธฃเธฑเธเธญเธเธฒเธเธ•เธญเธฑเธเนเธเธฅเนเธเนเธเธ—เธตเนเน€เธเธกเธญเธฒเธเธเธฐเน€เธฃเธดเนเธกเนเธเนเธเธฃเธฐเนเธขเธเธเนเธเธฒเธเธเธงเธฒเธกเน€เธฃเนเธงเธฃเธฐเธ”เธฑเธเธเธตเนเธญเธขเนเธฒเธเน€เธ•เนเธกเธ—เธตเน เนเธ•เนเธชเธณเธซเธฃเธฑเธเธ•เธญเธเธเธตเน <strong>เธเธฒเธฃเธเธฑเธ”เธชเธฃเธฃเธเธเธเธฃเธฐเธกเธฒเธ“เนเธเธเธฑเธเธเธฒเธฃเนเธ”เธเธญเธซเธฃเธทเธญเธเธตเธเธตเธขเธนเธ—เธตเนเธ—เธฃเธเธเธฅเธฑเธเธเธงเนเธฒเธญเธฒเธเน€เธเนเธเธ•เธฑเธงเน€เธฅเธทเธญเธเธ—เธตเนเธเธฒเธเธเธฅเธฒเธ”เธเธงเนเธฒ</strong> เน€เธเธทเนเธญเนเธซเนเนเธ”เนเธเธฃเธฐเธชเธเธเธฒเธฃเธ“เนเธเธฒเธฃเน€เธฅเนเธเน€เธเธกเธ—เธตเนเธฃเธฒเธเธฃเธทเนเธเนเธฅเธฐเธชเธงเธขเธเธฒเธกเธ—เธตเนเธชเธธเธ”เธเธฃเธฑเธ','https://image.pollinations.ai/prompt/SSD%20PCIe%20Gen%205%20%E0%B8%88%E0%B8%B3%E0%B9%80%E0%B8%9B%E0%B9%87%E0%B8%99%E0%B9%81%E0%B8%84%E0%B9%88%E0%B9%84%E0%B8%AB%E0%B8%99%E0%B8%AA%E0%B8%B3%E0%B8%AB%E0%B8%A3%E0%B8%B1%E0%B8%9A%E0%B8%81%E0%B8%B2%E0%B8%A3%E0%B9%80%E0%B8%A5%E0%B9%88%E0%B8%99%E0%B9%80%E0%B8%81%E0%B8%A1%3F%20high%20quality%20technology%20hardware%20photography?width=800&height=400&nologo=true','2026-06-27 17:00:00'),(9,'เธญเธเธฒเธเธ• AIO Liquid Cooling: เน€เธขเนเธเธเธงเนเธฒ เน€เธเธตเธขเธเธเธงเนเธฒ เนเธฅเธฐเธเธฅเธฒเธ”เธเธงเนเธฒเธ—เธตเนเน€เธเธข','เนเธเธขเธธเธเธ—เธตเนเธเธฃเธฐเธชเธดเธ—เธเธดเธ เธฒเธเธเธฒเธฃเธเธฃเธฐเธกเธงเธฅเธเธฅเน€เธเธดเนเธกเธเธถเนเธเธญเธขเนเธฒเธเธเนเธฒเธงเธเธฃเธฐเนเธ”เธ” เนเธกเนเธงเนเธฒเธเธฐเน€เธเนเธ CPU เธซเธฃเธทเธญ GPU เธฃเธฐเธ”เธฑเธเนเธฎเน€เธญเธเธ”เน เธเธงเธฒเธกเธฃเนเธญเธเธ—เธตเนเน€เธเธดเธ”เธเธถเนเธเธเนเน€เธเนเธเธชเธดเนเธเธ—เนเธฒเธ—เธฒเธขเธ—เธตเนเธเธฑเธเธเธฑเธ’เธเธฒเธ•เนเธญเธเน€เธเธเธดเธ เธฃเธฐเธเธเธฃเธฐเธเธฒเธขเธเธงเธฒเธกเธฃเนเธญเธเธ”เนเธงเธขเธเธญเธเน€เธซเธฅเธงเนเธเธเธเธดเธ” เธซเธฃเธทเธญ AIO (All-in-One) Liquid Cooling เนเธ”เนเน€เธเนเธฒเธกเธฒเธกเธตเธเธ—เธเธฒเธ—เธชเธณเธเธฑเธเนเธเธเธฒเธฃเธเธฑเธ”เธเธฒเธฃเธเธฑเธเธซเธฒเธเธตเน เธ”เนเธงเธขเธเธฃเธฐเธชเธดเธ—เธเธดเธ เธฒเธเธ—เธตเนเน€เธซเธเธทเธญเธเธงเนเธฒเธเธธเธ”เธฃเธฐเธเธฒเธขเธเธงเธฒเธกเธฃเนเธญเธเธ”เนเธงเธขเธญเธฒเธเธฒเธจเธ—เธฑเนเธงเนเธ เนเธฅเธฐเธเธงเธฒเธกเธชเธฐเธ”เธงเธเนเธเธเธฒเธฃเธ•เธดเธ”เธ•เธฑเนเธเธ—เธตเนเธกเธฒเธเธเธงเนเธฒเธเธธเธ”เธฃเธฐเธเธฒเธขเธเธงเธฒเธกเธฃเนเธญเธเนเธเธ Custom Loop.<br><br>เธชเธณเธซเธฃเธฑเธเธญเธเธฒเธเธ•เธเธญเธ AIO Liquid Cooling เธเธฑเนเธ เธเธฒเธ”เธเธฒเธฃเธ“เนเนเธ”เนเธงเนเธฒเธเธฐเน€เธซเนเธเธเธงเธฑเธ•เธเธฃเธฃเธกเธ—เธตเนเธเนเธฒเธ•เธทเนเธเน€เธ•เนเธเธขเธดเนเธเธเธถเนเธ เนเธกเนเน€เธเธตเธขเธเนเธเนเธเธฒเธฃเธเธฑเธ’เธเธฒเธเธฑเนเธกเนเธฅเธฐเธซเธกเนเธญเธเนเธณเนเธซเนเธกเธตเธเธฃเธฐเธชเธดเธ—เธเธดเธ เธฒเธเธชเธนเธเธเธถเนเธเนเธฅเธฐเน€เธชเธตเธขเธเธฃเธเธเธงเธเธเนเธญเธขเธฅเธเน€เธ—เนเธฒเธเธฑเนเธ เนเธ•เนเธขเธฑเธเธฃเธงเธกเธ–เธถเธเธเธฒเธฃเธเธชเธฒเธเธฃเธงเธกเน€เธ—เธเนเธเนเธฅเธขเธตเธญเธฑเธเธเธฃเธดเธขเธฐเน€เธเนเธฒเธเธฑเธเธเธฒเธฃเธ—เธณเธเธฒเธ เน€เธเนเธ <strong>เน€เธเนเธเน€เธเธญเธฃเนเธญเธฑเธเธเธฃเธดเธขเธฐเธ—เธตเนเธชเธฒเธกเธฒเธฃเธ–เธเธฃเธฑเธเธฃเธญเธเธเธฑเนเธกเนเธฅเธฐเธเธฑเธ”เธฅเธกเนเธ”เนเนเธเธเน€เธฃเธตเธขเธฅเนเธ—เธกเน</strong> เธ•เธฒเธกเนเธซเธฅเธ”เธเธฒเธฃเธ—เธณเธเธฒเธเนเธฅเธฐเธญเธธเธ“เธซเธ เธนเธกเธดเธ—เธตเนเธ•เธฃเธงเธเธเธฑเธเนเธ”เน เน€เธเธทเนเธญเนเธซเนเนเธ”เนเธชเธกเธ”เธธเธฅเธ—เธตเนเธฅเธเธ•เธฑเธงเธฃเธฐเธซเธงเนเธฒเธเธเธฃเธฐเธชเธดเธ—เธเธดเธ เธฒเธเนเธฅเธฐเธเธงเธฒเธกเน€เธเธตเธขเธ<br><br>เธเธญเธเธเธฒเธเธเธตเน เน€เธฃเธฒเธญเธฒเธเนเธ”เนเน€เธซเนเธเธเธฒเธฃเธเธณเธงเธฑเธชเธ”เธธเนเธซเธกเนเน เธ—เธตเนเธกเธตเธเธธเธ“เธชเธกเธเธฑเธ•เธดเธเธฒเธฃเธเธณเธเธงเธฒเธกเธฃเนเธญเธเธ—เธตเนเธ”เธตเธเธถเนเธเธกเธฒเนเธเน เธฃเธงเธกเธ–เธถเธเธเธฒเธฃเธญเธญเธเนเธเธเธ—เธตเนเน€เธเนเธเธเธงเธฒเธกเธชเธงเธขเธเธฒเธกเนเธฅเธฐเธชเธฒเธกเธฒเธฃเธ–เธเธฃเธฑเธเนเธ•เนเธเนเธ”เนเธกเธฒเธเธเธถเนเธ เธ—เธฑเนเธเนเธเธชเนเธงเธเธเธญเธเนเธ RGB เธซเธฃเธทเธญเนเธกเนเธเธฃเธฐเธ—เธฑเนเธเธซเธเนเธฒเธเธญเธเธเธฒเธ”เน€เธฅเนเธเธเธเธเธฅเนเธญเธเธเนเธณเธ—เธตเนเนเธชเธ”เธเธเนเธญเธกเธนเธฅเธฃเธฐเธเธเนเธเธเธญเธดเธเน€เธ—เธญเธฃเนเนเธญเธเธ—เธตเธ เธเธถเนเธเธเธฐเธขเธเธฃเธฐเธ”เธฑเธเธเธฃเธฐเธชเธเธเธฒเธฃเธ“เนเธเธฒเธฃเนเธเนเธเธฒเธเธเธญเธกเธเธดเธงเน€เธ•เธญเธฃเนเนเธซเนเน€เธซเธเธทเธญเธเธฑเนเธเธเธงเนเธฒเน€เธ”เธดเธก เนเธฅเธฐเธ—เธณเนเธซเน AIO Liquid Cooling เน€เธเนเธเธกเธฒเธเธเธงเนเธฒเนเธเนเธเธฒเธฃเธฃเธฐเธเธฒเธขเธเธงเธฒเธกเธฃเนเธญเธ เนเธ•เนเน€เธเนเธเธชเนเธงเธเธซเธเธถเนเธเธเธญเธเธชเธธเธเธ—เธฃเธตเธขเธ เธฒเธเนเธเธเธตเธเธตเธเธฃเธฐเธชเธดเธ—เธเธดเธ เธฒเธเธชเธนเธเธญเธขเนเธฒเธเนเธ—เนเธเธฃเธดเธ','https://image.pollinations.ai/prompt/%E0%B8%AD%E0%B8%99%E0%B8%B2%E0%B8%84%E0%B8%95%E0%B8%82%E0%B8%AD%E0%B8%87%E0%B8%A3%E0%B8%B0%E0%B8%9A%E0%B8%9A%E0%B8%A3%E0%B8%B0%E0%B8%9A%E0%B8%B2%E0%B8%A2%E0%B8%84%E0%B8%A7%E0%B8%B2%E0%B8%A1%E0%B8%A3%E0%B9%89%E0%B8%AD%E0%B8%99%E0%B8%94%E0%B9%89%E0%B8%A7%E0%B8%A2%E0%B8%82%E0%B8%AD%E0%B8%87%E0%B9%80%E0%B8%AB%E0%B8%A5%E0%B8%A7%E0%B9%81%E0%B8%9A%E0%B8%9A%E0%B8%9B%E0%B8%B4%E0%B8%94%20(AIO%20Liquid%20Cooling)%20high%20quality%20technology%20hardware%20photography?width=800&height=400&nologo=true','2026-06-27 17:00:00'),(10,'เธฅเนเธฒเธเธญเธเธเนเธฒ 4K: เน€เธฅเธทเธญเธเธชเน€เธเธเธเธญเธกเน€เธฅเนเธเน€เธเธกเธชเธธเธ”เธฅเนเธณเนเธซเนเธเธเธต 2026','เธเธฒเธฃเธเนเธฒเธงเน€เธเนเธฒเธชเธนเนเนเธฅเธเธเธญเธเน€เธเธกเธฃเธฐเธ”เธฑเธ 4K เนเธเธเธต 2026 เธเธฑเนเธเนเธกเนเนเธเนเน€เธฃเธทเนเธญเธเน€เธฅเนเธ เน เนเธ•เนเน€เธเนเธเธเธฒเธฃเธฅเธเธ—เธธเธเธ—เธตเนเธเธธเนเธกเธเนเธฒเธชเธณเธซเธฃเธฑเธเธเธฃเธฐเธชเธเธเธฒเธฃเธ“เนเธ—เธตเนเธชเธกเธเธฃเธดเธเธ—เธตเนเธชเธธเธ” เธซเธฑเธงเนเธเธซเธฅเธฑเธเธเธญเธเธเธฒเธฃเน€เธฅเนเธเน€เธเธก 4K เธเธทเธญ <strong>เธเธฒเธฃเนเธ”เธเธญ (GPU)</strong> เธ—เธตเนเธ•เนเธญเธเธ—เธฃเธเธเธฅเธฑเธเธญเธขเนเธฒเธเธขเธดเนเธ เนเธ”เธขเธเธฒเธ”เธเธฒเธฃเธ“เนเธงเนเธฒเนเธเธเธตเธเธฑเนเธ เธเธฒเธฃเนเธ”เธเธญเธฃเธฐเธ”เธฑเธเน€เธฃเธทเธญเธเธเธเธฒเธเธ—เธฑเนเธ NVIDIA (เธญเธฒเธเธเธฐเน€เธเนเธเธเธตเธฃเธตเธชเน RTX 6000 เธซเธฃเธทเธญเธชเธนเธเธเธงเนเธฒ) เนเธฅเธฐ AMD (RDNA 5 เธซเธฃเธทเธญเธฃเธธเนเธเธ—เธตเนเน€เธ—เธตเธขเธเน€เธ—เนเธฒ) เธเธฐเน€เธเนเธเธ•เธฑเธงเน€เธฅเธทเธญเธเธซเธฅเธฑเธเธ—เธตเนเธชเธฒเธกเธฒเธฃเธ–เธเธฑเธเน€เธเธฅเธทเนเธญเธเน€เธเธก AAA เธ”เนเธงเธขเน€เธเธฃเธกเน€เธฃเธ•เธ—เธตเนเธฅเธทเนเธเนเธซเธฅเธเธเธเธงเธฒเธกเธฅเธฐเน€เธญเธตเธขเธ” 4K เนเธ”เนเธญเธขเนเธฒเธเธชเธเธฒเธข เน€เธฃเธฒเธเธงเธฃเธกเธญเธเธซเธฒเธเธฒเธฃเนเธ”เธเธญเธ—เธตเนเธกเธต VRAM เธญเธขเนเธฒเธเธเนเธญเธข 16GB เธเธถเนเธเนเธ เธซเธฃเธทเธญเธญเธฒเธเธเธฐ 24GB+ เน€เธเธทเนเธญเธฃเธญเธเธฃเธฑเธเน€เธ—เธเนเธเนเธฅเธขเธต Ray Tracing เธ—เธตเนเธเธฑเธเธเนเธญเธเนเธฅเธฐ Texture เธเธธเธ“เธ เธฒเธเธชเธนเธเนเธเธญเธเธฒเธเธ• เธ—เธณเนเธซเนเธ เธฒเธเธชเธงเธขเธเธฒเธกเนเธฅเธฐเธชเธกเธเธฃเธดเธเนเธฃเนเธ—เธตเนเธ•เธด<br><br>เธเธญเธเธเธฒเธ GPU เธ—เธตเนเนเธเนเธเนเธเธฃเนเธเนเธฅเนเธง <strong>เธซเธเนเธงเธขเธเธฃเธฐเธกเธงเธฅเธเธฅเธเธฅเธฒเธ (CPU)</strong> เธเนเธชเธณเธเธฑเธเนเธกเนเนเธเนเธเธฑเธ เธเธงเธฃเน€เธฅเธทเธญเธ CPU เธฃเธฐเธ”เธฑเธ High-end เธญเธขเนเธฒเธ Intel Core i7/i9 (เธฃเธธเนเธ Gen เนเธซเธกเน เน เธ—เธตเนเธเธฐเธญเธญเธเธกเธฒเนเธเธเธต 2026) เธซเธฃเธทเธญ AMD Ryzen 7/9 เธ—เธตเนเธกเธตเธเธญเธฃเนเธเธฃเธฐเธกเธงเธฅเธเธฅเธชเธนเธ เน€เธเธทเนเธญเธฃเธญเธเธฃเธฑเธเธเธฒเธฃเธเธฃเธฐเธกเธงเธฅเธเธฅเน€เธเธกเธ—เธตเนเธเธฑเธเธเนเธญเธเนเธฅเธฐเธเธฒเธฃเธ—เธณเธเธฒเธเนเธเธ Multitasking เนเธเธเธฃเนเธญเธกเธเธฑเธ เธชเธณเธซเธฃเธฑเธ <strong>เธซเธเนเธงเธขเธเธงเธฒเธกเธเธณ (RAM)</strong> เธเธฑเนเธ 32GB DDR5 เธ–เธทเธญเน€เธเนเธเธกเธฒเธ•เธฃเธเธฒเธเธเธฑเนเธเธ•เนเธณเธ—เธตเนเนเธเธฐเธเธณเธชเธณเธซเธฃเธฑเธเธเธฒเธฃเน€เธฅเนเธเน€เธเธก 4K เนเธเธเธต 2026 เน€เธเธทเนเธญเธเธฃเธฐเธชเธดเธ—เธเธดเธ เธฒเธเธชเธนเธเธชเธธเธ” เนเธฅเธฐเธญเธฒเธเธเธดเธเธฒเธฃเธ“เธฒ 64GB เธชเธณเธซเธฃเธฑเธเธเธนเนเธ—เธตเนเธ•เนเธญเธเธเธฒเธฃเธเธงเธฒเธกเธกเธฑเนเธเนเธเนเธเธฃเธฐเธขเธฐเธขเธฒเธง เธชเนเธงเธ <strong>เธเธทเนเธเธ—เธตเนเธเธฑเธ”เน€เธเนเธเธเนเธญเธกเธนเธฅ (Storage)</strong> เธเธฑเนเธ SSD เนเธเธ NVMe PCIe Gen5 เธซเธฃเธทเธญเนเธกเนเนเธ•เน Gen6 เธ—เธตเนเธเธฒเธ”เธงเนเธฒเธเธฐเน€เธฃเธดเนเธกเนเธเธฃเนเธซเธฅเธฒเธขเนเธเธเธตเธเธฑเนเธ เธเธฐเธเนเธงเธขเนเธซเนเธเธฒเธฃเนเธซเธฅเธ”เน€เธเธกเนเธฅเธฐเธเธฒเธเธ•เนเธฒเธ เน เธฃเธงเธ”เน€เธฃเนเธงเธ—เธฑเธเนเธ เนเธฃเนเธเธฒเธฃเธฃเธญเธเธญเธข เธเธงเธฃเธกเธตเธญเธขเนเธฒเธเธเนเธญเธข 1-2TB เธชเธณเธซเธฃเธฑเธเน€เธเธกเนเธเธฃเธ” เนเธฅเธฐเธญเธฒเธเน€เธเธดเนเธกเธญเธตเธเธ•เธฑเธงเธชเธณเธซเธฃเธฑเธเนเธเธฅเนเธญเธทเนเธ เน<br><br>เน€เธเธทเนเธญเนเธซเนเธชเนเธงเธเธเธฃเธฐเธเธญเธเธ—เธฑเนเธเธซเธกเธ”เธ—เธณเธเธฒเธเนเธ”เนเธญเธขเนเธฒเธเน€เธ•เนเธกเธเธฃเธฐเธชเธดเธ—เธเธดเธ เธฒเธ <strong>เธเธฒเธงเน€เธงเธญเธฃเนเธเธฑเธเธเธฅเธฒเธข (PSU)</strong> เธเธเธฒเธ” 850W-1000W เธซเธฃเธทเธญเธกเธฒเธเธเธงเนเธฒเธเธฑเนเธเน€เธเนเธเธชเธดเนเธเธเธณเน€เธเนเธเธญเธขเนเธฒเธเธขเธดเนเธ เนเธฅเธฐเธฃเธฐเธเธ <strong>เธฃเธฐเธเธฒเธขเธเธงเธฒเธกเธฃเนเธญเธ</strong> เธเนเธ•เนเธญเธเธญเธขเธนเนเนเธเธฃเธฐเธ”เธฑเธเธเธฃเธตเน€เธกเธตเธขเธก เนเธกเนเธงเนเธฒเธเธฐเน€เธเนเธเธเธธเธ”เธเนเธณ AIO เธเธเธฒเธ” 360mm เธเธถเนเธเนเธ เธซเธฃเธทเธญเธเธธเธ”เธฃเธฐเธเธฒเธขเธเธงเธฒเธกเธฃเนเธญเธเธ”เนเธงเธขเธฅเธกเธฃเธฐเธ”เธฑเธเธ—เนเธญเธ เน€เธเธทเนเธญเธเธงเธเธเธธเธกเธญเธธเธ“เธซเธ เธนเธกเธดเธเธญเธ CPU เนเธฅเธฐ GPU เนเธซเนเน€เธชเธ–เธตเธขเธฃ เธชเธธเธ”เธ—เนเธฒเธขเธเธตเน เธญเธขเนเธฒเธฅเธทเธกเธเธญเธ เธฒเธ! <strong>เธเธญ 4K</strong> เธ—เธตเนเธกเธตเธญเธฑเธ•เธฃเธฒเธฃเธตเน€เธเธฃเธ 120Hz เธเธถเนเธเนเธ เนเธฅเธฐเธฃเธญเธเธฃเธฑเธเน€เธ—เธเนเธเนเธฅเธขเธต Variable Refresh Rate (เน€เธเนเธ G-Sync เธซเธฃเธทเธญ FreeSync) เธเธทเธญเธเธธเธเนเธเธชเธณเธเธฑเธเธ—เธตเนเธเธฐเธเธฅเธ”เธฅเนเธญเธเธเธฃเธฐเธชเธเธเธฒเธฃเธ“เนเธเธฒเธฃเน€เธฅเนเธเน€เธเธก 4K เธ—เธตเนเธชเธกเธเธนเธฃเธ“เนเนเธเธเธ—เธตเนเธชเธธเธ” เธเธฒเธฃเธเธฑเธ”เธชเน€เธเธเธเธญเธกเธชเธณเธซเธฃเธฑเธเน€เธฅเนเธเน€เธเธก 4K เนเธเธเธต 2026 เธเธถเธเน€เธเนเธเธเธฒเธฃเธเธชเธกเธเธชเธฒเธเธฃเธฐเธซเธงเนเธฒเธเธเธฅเธฑเธเธเธฃเธฐเธกเธงเธฅเธเธฅเธเธฑเนเธเธชเธธเธ”เธขเธญเธ” เน€เธ—เธเนเธเนเธฅเธขเธตเธฅเนเธฒเธชเธธเธ” เนเธฅเธฐเธเธฒเธฃเธงเธฒเธเนเธเธเน€เธเธทเนเธญเธญเธเธฒเธเธ• เน€เธเธทเนเธญเนเธซเนเธเธธเธ“เนเธ”เนเธชเธฑเธกเธเธฑเธชเธ—เธธเธเธฃเธฒเธขเธฅเธฐเน€เธญเธตเธขเธ”เธเธญเธเนเธฅเธเน€เธชเธกเธทเธญเธเธเธฃเธดเธเนเธ”เนเธญเธขเนเธฒเธเนเธฃเนเธเธตเธ”เธเธณเธเธฑเธ”','https://image.pollinations.ai/prompt/%E0%B8%81%E0%B8%B2%E0%B8%A3%E0%B9%80%E0%B8%A5%E0%B8%B7%E0%B8%AD%E0%B8%81%E0%B8%AA%E0%B9%80%E0%B8%9B%E0%B8%84%E0%B8%84%E0%B8%AD%E0%B8%A1%E0%B8%AA%E0%B8%B3%E0%B8%AB%E0%B8%A3%E0%B8%B1%E0%B8%9A%E0%B9%80%E0%B8%A5%E0%B9%88%E0%B8%99%E0%B9%80%E0%B8%81%E0%B8%A1%E0%B8%A3%E0%B8%B0%E0%B8%94%E0%B8%B1%E0%B8%9A%204K%20%E0%B9%83%E0%B8%99%E0%B8%9B%E0%B8%B5%202026%20high%20quality%20technology%20hardware%20photography?width=800&height=400&nologo=true','2026-06-27 17:00:00'),(11,'///','เธเธซเธเธเธซเธเธ','https://placehold.co/600x400/1e1e2e/00e5ff?text=Article','2026-07-05 17:00:00');
/*!40000 ALTER TABLE `articles` ENABLE KEYS */;
UNLOCK TABLES;

--
-- Table structure for table `categories`
--

DROP TABLE IF EXISTS `categories`;
/*!40101 SET @saved_cs_client     = @@character_set_client */;
/*!50503 SET character_set_client = utf8mb4 */;
CREATE TABLE `categories` (
  `id` int NOT NULL AUTO_INCREMENT,
  `slug` varchar(50) COLLATE utf8mb4_unicode_ci NOT NULL,
  `name_th` varchar(100) COLLATE utf8mb4_unicode_ci NOT NULL,
  `description` text COLLATE utf8mb4_unicode_ci,
  `created_at` timestamp NULL DEFAULT CURRENT_TIMESTAMP,
  PRIMARY KEY (`id`),
  UNIQUE KEY `slug` (`slug`)
) ENGINE=InnoDB AUTO_INCREMENT=8 DEFAULT CHARSET=utf8mb4 COLLATE=utf8mb4_unicode_ci;
/*!40101 SET character_set_client = @saved_cs_client */;

--
-- Dumping data for table `categories`
--

LOCK TABLES `categories` WRITE;
/*!40000 ALTER TABLE `categories` DISABLE KEYS */;
INSERT INTO `categories` VALUES (1,'cpu','เธเธตเธเธตเธขเธน (CPU)',NULL,'2026-07-05 08:26:51'),(2,'mobo','เน€เธกเธเธเธญเธฃเนเธ” (Motherboard)',NULL,'2026-07-05 08:26:51'),(3,'ram','เนเธฃเธก (RAM)',NULL,'2026-07-05 08:26:51'),(4,'gpu','เธเธฒเธฃเนเธ”เธเธญ (VGA)',NULL,'2026-07-05 08:26:51'),(5,'storage','เธ—เธตเนเน€เธเนเธเธเนเธญเธกเธนเธฅ (Storage)',NULL,'2026-07-05 08:26:51'),(6,'psu','เธเธฒเธงเน€เธงเธญเธฃเนเธเธฑเธเธเธฅเธฒเธข (PSU)',NULL,'2026-07-05 08:26:51'),(7,'case','เน€เธเธช (Case)',NULL,'2026-07-05 08:26:51');
/*!40000 ALTER TABLE `categories` ENABLE KEYS */;
UNLOCK TABLES;

--
-- Table structure for table `order_items`
--

DROP TABLE IF EXISTS `order_items`;
/*!40101 SET @saved_cs_client     = @@character_set_client */;
/*!50503 SET character_set_client = utf8mb4 */;
CREATE TABLE `order_items` (
  `id` int NOT NULL AUTO_INCREMENT,
  `order_id` varchar(50) COLLATE utf8mb4_unicode_ci NOT NULL,
  `product_id` int NOT NULL,
  `category_slug` varchar(50) COLLATE utf8mb4_unicode_ci NOT NULL,
  `price` decimal(10,2) NOT NULL,
  PRIMARY KEY (`id`),
  KEY `order_id` (`order_id`),
  KEY `product_id` (`product_id`),
  CONSTRAINT `order_items_ibfk_1` FOREIGN KEY (`order_id`) REFERENCES `orders` (`id`) ON DELETE CASCADE,
  CONSTRAINT `order_items_ibfk_2` FOREIGN KEY (`product_id`) REFERENCES `products` (`id`) ON DELETE CASCADE
) ENGINE=InnoDB AUTO_INCREMENT=25 DEFAULT CHARSET=utf8mb4 COLLATE=utf8mb4_unicode_ci;
/*!40101 SET character_set_client = @saved_cs_client */;

--
-- Dumping data for table `order_items`
--

LOCK TABLES `order_items` WRITE;
/*!40000 ALTER TABLE `order_items` DISABLE KEYS */;
/*!40000 ALTER TABLE `order_items` ENABLE KEYS */;
UNLOCK TABLES;

--
-- Table structure for table `orders`
--

DROP TABLE IF EXISTS `orders`;
/*!40101 SET @saved_cs_client     = @@character_set_client */;
/*!50503 SET character_set_client = utf8mb4 */;
CREATE TABLE `orders` (
  `id` varchar(50) COLLATE utf8mb4_unicode_ci NOT NULL,
  `customer_name` varchar(100) COLLATE utf8mb4_unicode_ci NOT NULL,
  `customer_address` text COLLATE utf8mb4_unicode_ci,
  `customer_phone` varchar(20) COLLATE utf8mb4_unicode_ci DEFAULT NULL,
  `assembly_type` varchar(50) COLLATE utf8mb4_unicode_ci DEFAULT 'none',
  `total_price` decimal(10,2) NOT NULL,
  `status` varchar(50) COLLATE utf8mb4_unicode_ci DEFAULT 'assembling',
  `created_at` timestamp NULL DEFAULT CURRENT_TIMESTAMP,
  PRIMARY KEY (`id`)
) ENGINE=InnoDB DEFAULT CHARSET=utf8mb4 COLLATE=utf8mb4_unicode_ci;
/*!40101 SET character_set_client = @saved_cs_client */;

--
-- Dumping data for table `orders`
--

LOCK TABLES `orders` WRITE;
/*!40000 ALTER TABLE `orders` DISABLE KEYS */;
INSERT INTO `orders` VALUES ('ORD-1086','Admin Ploy','','','none',4590.00,'assembling','2026-07-08 13:48:13'),('ORD-2087','Admin Ploy','','','none',4590.00,'assembling','2026-07-08 14:15:25'),('ORD-4674','Admin Ploy','','','none',31940.00,'assembling','2026-07-08 13:50:54'),('ORD-5937','kr','','','none',24800.00,'assembling','2026-07-08 15:46:35'),('ORD-6628','kr','','','none',4590.00,'assembling','2026-07-08 15:45:53'),('ORD-6996','Admin Ploy','','','none',48140.00,'assembling','2026-07-08 15:49:51'),('ORD-7319','Admin Ploy','','','none',4590.00,'assembling','2026-07-08 13:48:34'),('ORD-7486','Admin Ploy','','','none',4590.00,'assembling','2026-07-08 13:48:17'),('ORD-7984','Admin Ploy','','','none',4590.00,'assembling','2026-07-08 15:43:11');
/*!40000 ALTER TABLE `orders` ENABLE KEYS */;
UNLOCK TABLES;

--
-- Table structure for table `products`
--

DROP TABLE IF EXISTS `products`;
/*!40101 SET @saved_cs_client     = @@character_set_client */;
/*!50503 SET character_set_client = utf8mb4 */;
CREATE TABLE `products` (
  `id` int NOT NULL AUTO_INCREMENT,
  `category_id` int NOT NULL,
  `brand` varchar(100) COLLATE utf8mb4_unicode_ci NOT NULL,
  `model` varchar(255) COLLATE utf8mb4_unicode_ci NOT NULL,
  `price` decimal(10,2) NOT NULL,
  `image_url` varchar(255) COLLATE utf8mb4_unicode_ci DEFAULT NULL,
  `stock_quantity` int DEFAULT '10',
  `created_at` timestamp NULL DEFAULT CURRENT_TIMESTAMP,
  `specifications` json DEFAULT NULL,
  PRIMARY KEY (`id`),
  KEY `category_id` (`category_id`),
  CONSTRAINT `products_ibfk_1` FOREIGN KEY (`category_id`) REFERENCES `categories` (`id`) ON DELETE CASCADE
) ENGINE=InnoDB AUTO_INCREMENT=11021 DEFAULT CHARSET=utf8mb4 COLLATE=utf8mb4_unicode_ci;
/*!40101 SET character_set_client = @saved_cs_client */;

--
-- Dumping data for table `products`
--

LOCK TABLES `products` WRITE;
/*!40000 ALTER TABLE `products` DISABLE KEYS */;
INSERT INTO `products` VALUES (10971,1,'AMD','RYZEN THREADRIPPER PRO 7995WX',34990.00,'https://www.ihavecpu.com/assets/images/logo_light.svg',10,'2026-07-08 16:55:18','{\"TDP\": \"\", \"Cores\": \"96\", \"Socket\": \"sTR5\", \"Threads\": \"192\", \"Base Clock\": \"2.5GHz\", \"Boost Clock\": \"\"}'),(10972,1,'AMD','RYZEN 5 5600 3.5GHz 6C 12T',0.00,'https://www.ihavecpu.com/assets/images/logo_light.svg',10,'2026-07-08 16:55:18',NULL),(10973,1,'AMD','RYZEN 7 5800XT 3.8GHz 8C 16T',0.00,'https://www.ihavecpu.com/assets/images/logo_light.svg',10,'2026-07-08 16:55:18',NULL),(10974,1,'AMD','RYZEN 7 9800X3D 4.7GHz 8C 16T',0.00,'https://www.ihavecpu.com/assets/images/logo_light.svg',10,'2026-07-08 16:55:18',NULL),(10975,1,'AMD','RYZEN 7 7800X3D 4.2 GHz 8C 16T',0.00,'https://www.ihavecpu.com/assets/images/logo_light.svg',10,'2026-07-08 16:55:18',NULL),(10976,1,'AMD','RYZEN 5 5500',0.00,'https://www.ihavecpu.com/assets/images/logo_light.svg',10,'2026-07-08 16:55:18',NULL),(10977,1,'AMD','RYZEN 7 9850X3D',0.00,'https://www.ihavecpu.com/assets/images/logo_light.svg',10,'2026-07-08 16:55:18',NULL),(10978,1,'INTEL','CORE ULTRA 5 225F',0.00,'https://www.ihavecpu.com/assets/images/logo_light.svg',10,'2026-07-08 16:55:18',NULL),(10979,1,'AMD','RYZEN 5 7500F',0.00,'https://www.ihavecpu.com/assets/images/logo_light.svg',10,'2026-07-08 16:55:18',NULL),(10980,1,'INTEL','CORE ULTRA 5 225',0.00,'https://www.ihavecpu.com/assets/images/logo_light.svg',10,'2026-07-08 16:55:18',NULL),(10981,2,'ASUS','PRIME A620M-K-CSM',0.00,'https://www.ihavecpu.com/assets/images/logo_light.svg',10,'2026-07-08 16:55:18',NULL),(10982,2,'ASUS','PRIME A520M-K',0.00,'https://www.ihavecpu.com/assets/images/logo_light.svg',10,'2026-07-08 16:55:18',NULL),(10983,2,'ASROCK','H610M-H2/M.2-D5',0.00,'https://www.ihavecpu.com/assets/images/logo_light.svg',10,'2026-07-08 16:55:18',NULL),(10984,2,'GIGABYTE','H810M K (REV 1.0)',0.00,'https://www.ihavecpu.com/assets/images/logo_light.svg',10,'2026-07-08 16:55:18',NULL),(10985,2,'ASROCK','A620AM-HVS',0.00,'https://www.ihavecpu.com/assets/images/logo_light.svg',10,'2026-07-08 16:55:18',NULL),(10986,2,'GIGABYTE','A520M K V2 (REV.1.1)',0.00,'https://www.ihavecpu.com/assets/images/logo_light.svg',10,'2026-07-08 16:55:19',NULL),(10987,2,'ASUS','PRIME H610M-K',0.00,'https://www.ihavecpu.com/assets/images/logo_light.svg',10,'2026-07-08 16:55:19',NULL),(10988,2,'GIGABYTE','A520M K V2 (REV.1.2)',0.00,'https://www.ihavecpu.com/assets/images/logo_light.svg',10,'2026-07-08 16:55:19',NULL),(10989,2,'GIGABYTE','H610M K (REV.2.0)',0.00,'https://www.ihavecpu.com/assets/images/logo_light.svg',10,'2026-07-08 16:55:19',NULL),(10990,2,'MSI','A520M-A-PRO',0.00,'https://www.ihavecpu.com/assets/images/logo_light.svg',10,'2026-07-08 16:55:19',NULL),(10991,3,'HIKSEMI','ARMOR BLACK',0.00,'https://www.ihavecpu.com/assets/images/logo_light.svg',10,'2026-07-08 16:55:19',NULL),(10992,3,'HIKSEMI','ARMOR BLACK',0.00,'https://www.ihavecpu.com/assets/images/logo_light.svg',10,'2026-07-08 16:55:19',NULL),(10993,3,'ADATA XPG','LANCER BLADE RGB',0.00,'https://www.ihavecpu.com/assets/images/logo_light.svg',10,'2026-07-08 16:55:19',NULL),(10994,3,'HIKSEMI','ARMOR WHITE',0.00,'https://www.ihavecpu.com/assets/images/logo_light.svg',10,'2026-07-08 16:55:19',NULL),(10995,3,'KINGBANK','KJXS SILVER',0.00,'https://www.ihavecpu.com/assets/images/logo_light.svg',10,'2026-07-08 16:55:19',NULL),(10996,3,'KINGSTON','FURY BEAST RGB BLACK KF432C16BB2AK2/16WP',0.00,'https://www.ihavecpu.com/assets/images/logo_light.svg',10,'2026-07-08 16:55:19',NULL),(10997,3,'HIKSEMI','ARMOR BLACK HSC416U32D3',0.00,'https://www.ihavecpu.com/assets/images/logo_light.svg',10,'2026-07-08 16:55:19',NULL),(10998,3,'CORSAIR','VENGEANCE RGB PRO SL WHITE CMH16GX4M2E3200C16W',0.00,'https://www.ihavecpu.com/assets/images/logo_light.svg',10,'2026-07-08 16:55:19',NULL),(10999,3,'ADATA','AD5S48008G-S',0.00,'https://www.ihavecpu.com/assets/images/logo_light.svg',10,'2026-07-08 16:55:19',NULL),(11000,3,'LEXAR','THOR DUAL LD4BU008G-R3200GDXG',0.00,'https://www.ihavecpu.com/assets/images/logo_light.svg',10,'2026-07-08 16:55:19',NULL),(11001,6,'GIGABYTE','GP-P750BS',0.00,'https://www.ihavecpu.com/assets/images/logo_light.svg',10,'2026-07-08 16:55:19',NULL),(11002,6,'CORSAIR','CX650',0.00,'https://www.ihavecpu.com/assets/images/logo_light.svg',10,'2026-07-08 16:55:19',NULL),(11003,6,'AZZA','PSAZ',0.00,'https://www.ihavecpu.com/assets/images/logo_light.svg',10,'2026-07-08 16:55:19',NULL),(11004,6,'AEROCOOL','AERO 550',0.00,'https://www.ihavecpu.com/assets/images/logo_light.svg',10,'2026-07-08 16:55:19',NULL),(11005,6,'AEROCOOL','UNITED POWER 600W',0.00,'https://www.ihavecpu.com/assets/images/logo_light.svg',10,'2026-07-08 16:55:19',NULL),(11006,6,'MSI','MAG A600DN',0.00,'https://www.ihavecpu.com/assets/images/logo_light.svg',10,'2026-07-08 16:55:19',NULL),(11007,6,'ASUS','TUF GAMING 650B',0.00,'https://www.ihavecpu.com/assets/images/logo_light.svg',10,'2026-07-08 16:55:19',NULL),(11008,6,'MSI','MAG A850GN PCIE5',0.00,'https://www.ihavecpu.com/assets/images/logo_light.svg',10,'2026-07-08 16:55:19',NULL),(11009,6,'MSI','MAG A650BNL',0.00,'https://www.ihavecpu.com/assets/images/logo_light.svg',10,'2026-07-08 16:55:19',NULL),(11010,6,'THERMALTAKE','SMART BX1',0.00,'https://www.ihavecpu.com/assets/images/logo_light.svg',10,'2026-07-08 16:55:19',NULL),(11011,7,'iHAVECPU','IHC 401TG',0.00,'https://www.ihavecpu.com/assets/images/logo_light.svg',10,'2026-07-08 16:55:19',NULL),(11012,7,'GIGABYTE','C102 GLASS ICE',0.00,'https://www.ihavecpu.com/assets/images/logo_light.svg',10,'2026-07-08 16:55:19',NULL),(11013,7,'iHAVECPU','PRISMA ARGB',0.00,'https://www.ihavecpu.com/assets/images/logo_light.svg',10,'2026-07-08 16:55:19',NULL),(11014,7,'ZALMAN','M4 SE',0.00,'https://www.ihavecpu.com/assets/images/logo_light.svg',10,'2026-07-08 16:55:19',NULL),(11015,7,'iHAVECPU','IHC R06 ARGB',0.00,'https://www.ihavecpu.com/assets/images/logo_light.svg',10,'2026-07-08 16:55:19',NULL),(11016,7,'iHAVECPU','IHC R30',0.00,'https://www.ihavecpu.com/assets/images/logo_light.svg',10,'2026-07-08 16:55:19',NULL),(11017,7,'iHAVECPU','IHC 102 WOOD',0.00,'https://www.ihavecpu.com/assets/images/logo_light.svg',10,'2026-07-08 16:55:19',NULL),(11018,7,'OCYPUS x iHAVECPU','GAMMA C52 ARGB',0.00,'https://www.ihavecpu.com/assets/images/logo_light.svg',10,'2026-07-08 16:55:19',NULL),(11019,7,'iHAVECPU','CRYSTAL Z6 MINI',0.00,'https://www.ihavecpu.com/assets/images/logo_light.svg',10,'2026-07-08 16:55:19',NULL),(11020,7,'iHAVECPU','IHC 102 WOOD',0.00,'https://www.ihavecpu.com/assets/images/logo_light.svg',10,'2026-07-08 16:55:19',NULL);
/*!40000 ALTER TABLE `products` ENABLE KEYS */;
UNLOCK TABLES;

--
-- Table structure for table `spec_case`
--

DROP TABLE IF EXISTS `spec_case`;
/*!40101 SET @saved_cs_client     = @@character_set_client */;
/*!50503 SET character_set_client = utf8mb4 */;
CREATE TABLE `spec_case` (
  `product_id` int NOT NULL,
  `form_factor_support` varchar(255) COLLATE utf8mb4_unicode_ci NOT NULL,
  `max_gpu_length_mm` int DEFAULT NULL,
  PRIMARY KEY (`product_id`),
  CONSTRAINT `spec_case_ibfk_1` FOREIGN KEY (`product_id`) REFERENCES `products` (`id`) ON DELETE CASCADE
) ENGINE=InnoDB DEFAULT CHARSET=utf8mb4 COLLATE=utf8mb4_unicode_ci;
/*!40101 SET character_set_client = @saved_cs_client */;

--
-- Dumping data for table `spec_case`
--

LOCK TABLES `spec_case` WRITE;
/*!40000 ALTER TABLE `spec_case` DISABLE KEYS */;
INSERT INTO `spec_case` VALUES (11011,'ATX',NULL),(11012,'Micro-ATX',NULL),(11013,'ATX',NULL),(11014,'Micro-ATX',NULL),(11015,'Micro-ATX',NULL),(11016,'Micro-ATX, Mini-ITX',NULL),(11017,'Micro-ATX, Mini-ITX',NULL),(11018,'Micro-ATX, Mini-ITX',NULL),(11019,'Micro-ATX, Mini-ITX',NULL),(11020,'Micro-ATX, Mini-ITX',NULL);
/*!40000 ALTER TABLE `spec_case` ENABLE KEYS */;
UNLOCK TABLES;

--
-- Table structure for table `spec_cpu`
--

DROP TABLE IF EXISTS `spec_cpu`;
/*!40101 SET @saved_cs_client     = @@character_set_client */;
/*!50503 SET character_set_client = utf8mb4 */;
CREATE TABLE `spec_cpu` (
  `product_id` int NOT NULL,
  `socket` varchar(50) COLLATE utf8mb4_unicode_ci NOT NULL,
  `tdp_watt` int NOT NULL,
  PRIMARY KEY (`product_id`),
  CONSTRAINT `spec_cpu_ibfk_1` FOREIGN KEY (`product_id`) REFERENCES `products` (`id`) ON DELETE CASCADE
) ENGINE=InnoDB DEFAULT CHARSET=utf8mb4 COLLATE=utf8mb4_unicode_ci;
/*!40101 SET character_set_client = @saved_cs_client */;

--
-- Dumping data for table `spec_cpu`
--

LOCK TABLES `spec_cpu` WRITE;
/*!40000 ALTER TABLE `spec_cpu` DISABLE KEYS */;
INSERT INTO `spec_cpu` VALUES (10971,'sTRX5',65),(10972,'AM4',65),(10973,'AM4',65),(10974,'AM5',65),(10975,'AM5',65),(10976,'AM4',65),(10977,'AM5',120),(10978,'LGA 1851',65),(10979,'AM5',65),(10980,'LGA 1851',65);
/*!40000 ALTER TABLE `spec_cpu` ENABLE KEYS */;
UNLOCK TABLES;

--
-- Table structure for table `spec_gpu`
--

DROP TABLE IF EXISTS `spec_gpu`;
/*!40101 SET @saved_cs_client     = @@character_set_client */;
/*!50503 SET character_set_client = utf8mb4 */;
CREATE TABLE `spec_gpu` (
  `product_id` int NOT NULL,
  `tdp_watt` int NOT NULL,
  `length_mm` int DEFAULT NULL,
  PRIMARY KEY (`product_id`),
  CONSTRAINT `spec_gpu_ibfk_1` FOREIGN KEY (`product_id`) REFERENCES `products` (`id`) ON DELETE CASCADE
) ENGINE=InnoDB DEFAULT CHARSET=utf8mb4 COLLATE=utf8mb4_unicode_ci;
/*!40101 SET character_set_client = @saved_cs_client */;

--
-- Dumping data for table `spec_gpu`
--

LOCK TABLES `spec_gpu` WRITE;
/*!40000 ALTER TABLE `spec_gpu` DISABLE KEYS */;
/*!40000 ALTER TABLE `spec_gpu` ENABLE KEYS */;
UNLOCK TABLES;

--
-- Table structure for table `spec_motherboard`
--

DROP TABLE IF EXISTS `spec_motherboard`;
/*!40101 SET @saved_cs_client     = @@character_set_client */;
/*!50503 SET character_set_client = utf8mb4 */;
CREATE TABLE `spec_motherboard` (
  `product_id` int NOT NULL,
  `socket` varchar(50) COLLATE utf8mb4_unicode_ci NOT NULL,
  `ram_type` varchar(20) COLLATE utf8mb4_unicode_ci NOT NULL,
  PRIMARY KEY (`product_id`),
  CONSTRAINT `spec_motherboard_ibfk_1` FOREIGN KEY (`product_id`) REFERENCES `products` (`id`) ON DELETE CASCADE
) ENGINE=InnoDB DEFAULT CHARSET=utf8mb4 COLLATE=utf8mb4_unicode_ci;
/*!40101 SET character_set_client = @saved_cs_client */;

--
-- Dumping data for table `spec_motherboard`
--

LOCK TABLES `spec_motherboard` WRITE;
/*!40000 ALTER TABLE `spec_motherboard` DISABLE KEYS */;
INSERT INTO `spec_motherboard` VALUES (10981,'AM5','DDR5'),(10982,'AM4','DDR4'),(10983,'1700','DDR5'),(10984,'1851','DDR5'),(10985,'AM5','DDR5'),(10986,'AM4','DDR4'),(10987,'1700','DDR5'),(10988,'AM4','DDR4'),(10989,'1700','DDR4'),(10990,'AM4','DDR4');
/*!40000 ALTER TABLE `spec_motherboard` ENABLE KEYS */;
UNLOCK TABLES;

--
-- Table structure for table `spec_psu`
--

DROP TABLE IF EXISTS `spec_psu`;
/*!40101 SET @saved_cs_client     = @@character_set_client */;
/*!50503 SET character_set_client = utf8mb4 */;
CREATE TABLE `spec_psu` (
  `product_id` int NOT NULL,
  `wattage` int NOT NULL,
  PRIMARY KEY (`product_id`),
  CONSTRAINT `spec_psu_ibfk_1` FOREIGN KEY (`product_id`) REFERENCES `products` (`id`) ON DELETE CASCADE
) ENGINE=InnoDB DEFAULT CHARSET=utf8mb4 COLLATE=utf8mb4_unicode_ci;
/*!40101 SET character_set_client = @saved_cs_client */;

--
-- Dumping data for table `spec_psu`
--

LOCK TABLES `spec_psu` WRITE;
/*!40000 ALTER TABLE `spec_psu` DISABLE KEYS */;
INSERT INTO `spec_psu` VALUES (11001,750),(11002,650),(11003,550),(11004,550),(11005,600),(11006,600),(11007,650),(11008,850),(11009,650),(11010,650);
/*!40000 ALTER TABLE `spec_psu` ENABLE KEYS */;
UNLOCK TABLES;

--
-- Table structure for table `spec_ram`
--

DROP TABLE IF EXISTS `spec_ram`;
/*!40101 SET @saved_cs_client     = @@character_set_client */;
/*!50503 SET character_set_client = utf8mb4 */;
CREATE TABLE `spec_ram` (
  `product_id` int NOT NULL,
  `ram_type` varchar(20) COLLATE utf8mb4_unicode_ci NOT NULL,
  `capacity_gb` int NOT NULL,
  PRIMARY KEY (`product_id`),
  CONSTRAINT `spec_ram_ibfk_1` FOREIGN KEY (`product_id`) REFERENCES `products` (`id`) ON DELETE CASCADE
) ENGINE=InnoDB DEFAULT CHARSET=utf8mb4 COLLATE=utf8mb4_unicode_ci;
/*!40101 SET character_set_client = @saved_cs_client */;

--
-- Dumping data for table `spec_ram`
--

LOCK TABLES `spec_ram` WRITE;
/*!40000 ALTER TABLE `spec_ram` DISABLE KEYS */;
INSERT INTO `spec_ram` VALUES (10991,'DDR4',16),(10992,'DDR4',8),(10993,'DDR5',16),(10994,'DDR4',16),(10995,'DDR4',16),(10996,'DDR4',16),(10997,'DDR4',16),(10998,'DDR4',16),(10999,'DDR5',8),(11000,'DDR4',16);
/*!40000 ALTER TABLE `spec_ram` ENABLE KEYS */;
UNLOCK TABLES;

--
-- Table structure for table `spec_storage`
--

DROP TABLE IF EXISTS `spec_storage`;
/*!40101 SET @saved_cs_client     = @@character_set_client */;
/*!50503 SET character_set_client = utf8mb4 */;
CREATE TABLE `spec_storage` (
  `product_id` int NOT NULL,
  PRIMARY KEY (`product_id`),
  CONSTRAINT `spec_storage_ibfk_1` FOREIGN KEY (`product_id`) REFERENCES `products` (`id`) ON DELETE CASCADE
) ENGINE=InnoDB DEFAULT CHARSET=utf8mb4 COLLATE=utf8mb4_unicode_ci;
/*!40101 SET character_set_client = @saved_cs_client */;

--
-- Dumping data for table `spec_storage`
--

LOCK TABLES `spec_storage` WRITE;
/*!40000 ALTER TABLE `spec_storage` DISABLE KEYS */;
/*!40000 ALTER TABLE `spec_storage` ENABLE KEYS */;
UNLOCK TABLES;

--
-- Table structure for table `users`
--

DROP TABLE IF EXISTS `users`;
/*!40101 SET @saved_cs_client     = @@character_set_client */;
/*!50503 SET character_set_client = utf8mb4 */;
CREATE TABLE `users` (
  `id` int NOT NULL AUTO_INCREMENT,
  `name` varchar(100) COLLATE utf8mb4_unicode_ci NOT NULL,
  `email` varchar(100) COLLATE utf8mb4_unicode_ci NOT NULL,
  `password` varchar(255) COLLATE utf8mb4_unicode_ci NOT NULL,
  `role` enum('customer','admin') COLLATE utf8mb4_unicode_ci DEFAULT 'customer',
  `created_at` timestamp NULL DEFAULT CURRENT_TIMESTAMP,
  PRIMARY KEY (`id`),
  UNIQUE KEY `email` (`email`)
) ENGINE=InnoDB AUTO_INCREMENT=5 DEFAULT CHARSET=utf8mb4 COLLATE=utf8mb4_unicode_ci;
/*!40101 SET character_set_client = @saved_cs_client */;

--
-- Dumping data for table `users`
--

LOCK TABLES `users` WRITE;
/*!40000 ALTER TABLE `users` DISABLE KEYS */;
INSERT INTO `users` VALUES (1,'Admin Ploy','admin@pc.com','$2b$10$nzka7GuR25fDmPzy2Gdszu8DWXbaHGN7RCaWoSDS7GUZTIH4AU2Te','admin','2026-07-01 14:07:40'),(2,'kr','kk@kk.com','$2b$10$o7qP3mcuW2Oix/LVChovRe9qVNRDhfNChOSY9eyCj6BCRIsl4hQrW','customer','2026-07-01 14:23:25'),(3,'Test User','test99@pc.com','$2b$10$3yhoMt2F9ibMfKH.9pasXOLcvaAQj1gQnxYNXuSNqEDHvJPGwqVI2','customer','2026-07-06 16:48:29'),(4,'Test User','test@pc.com','$2b$10$9Pa4NTMrXBv8ee6GanP8U.1CBQE4d7TdXR861VIaKYHTe.ZKhx/TO','customer','2026-07-06 16:52:28');
/*!40000 ALTER TABLE `users` ENABLE KEYS */;
UNLOCK TABLES;
/*!40103 SET TIME_ZONE=@OLD_TIME_ZONE */;

/*!40101 SET SQL_MODE=@OLD_SQL_MODE */;
/*!40014 SET FOREIGN_KEY_CHECKS=@OLD_FOREIGN_KEY_CHECKS */;
/*!40014 SET UNIQUE_CHECKS=@OLD_UNIQUE_CHECKS */;
/*!40101 SET CHARACTER_SET_CLIENT=@OLD_CHARACTER_SET_CLIENT */;
/*!40101 SET CHARACTER_SET_RESULTS=@OLD_CHARACTER_SET_RESULTS */;
/*!40101 SET COLLATION_CONNECTION=@OLD_COLLATION_CONNECTION */;
/*!40111 SET SQL_NOTES=@OLD_SQL_NOTES */;

-- Dump completed on 2026-07-09  1:26:23
